filename,left_1,left_2,left_3,left_4,left_5,left_6,right_1,right_2,right_3,right_4,right_5,right_6
BlueArchive 2026-08-29 080936_1.png,シロコ＊テラー,ネル（バニーガール）,ハナコ（水着）,ユウカ,レイサ（マジカル）,シロコ（水着）,シュン,ネル（制服）,ツバキ,ハナコ（水着）,ヒビキ,シロコ（水着）
BlueArchive 2026-08-29 080943_1.png,シロコ＊テラー,ネル（バニーガール）,ユウカ,イオリ（水着）,レイサ（マジカル）,シロコ（水着）,シロコ＊テラー,ハナコ（水着）,アツコ,ツバキ,シロコ（水着）,ナギサ
BlueArchive 2026-08-29 080946_1.png,イオリ（水着）,ネル（バニーガール）,ユウカ,シロコ＊テラー,レイサ（マジカル）,シロコ（水着）,ユウカ,シロコ＊テラー,カノエ,ハスミ（水着）,レイサ（マジカル）,シロコ（水着）
BlueArchive 2026-08-29 080949_1.png,イオリ（水着）,ネル（バニーガール）,ユウカ,シロコ＊テラー,レイサ（マジカル）,シロコ（水着）,ネル（バニーガール）,シロコ＊テラー,クルミ,ハナコ（水着）,ミチル（ドレス）,ヒビキ
BlueArchive 2026-08-29 080951_1.png,イオリ（水着）,ネル（バニーガール）,ユウカ,シロコ＊テラー,レイサ（マジカル）,シロコ（水着）,ホシノ（臨戦）,ハナコ（水着）,シロコ＊テラー,ツバキ,ウタハ,レイサ（マジカル）
BlueArchive 2026-08-29 080953_1.png,イオリ（水着）,ネル（バニーガール）,ユウカ,シロコ＊テラー,レイサ（マジカル）,シロコ（水着）,エイミ,ツバキ,ユウカ,ハナコ（水着）,レイサ（マジカル）,ヒビキ
BlueArchive 2026-08-29 080958_1.png,マキ,ネル（バニーガール）,ツルギ,ユウカ,レイサ（マジカル）,ヒビキ,ハナコ（水着）,エイミ,ツバキ,ミヤコ,ヤクモ,ミチル（ドレス）
BlueArchive 2026-08-29 081001_1.png,ユウカ,ネル（バニーガール）,ハナコ（水着）,ホシノ,レイサ（マジカル）,サヤ（私服）,シロコ＊テラー,ミヤコ,エイミ,ハナコ（水着）,シロコ（水着）,レイサ（マジカル）
BlueArchive 2026-08-29 081004_1.png,マキ,ユウカ,イオリ（水着）,ネル（バニーガール）,レイサ（マジカル）,シロコ（水着）,ハナコ（水着）,シロコ＊テラー,ツバキ,ユウカ,ウタハ,レイサ（マジカル）
BlueArchive 2026-08-29 081006_1.png,マキ,ユウカ,イオリ,ネル（バニーガール）,レイサ（マジカル）,シロコ（水着）,シロコ＊テラー,ホシノ（臨戦）,ハナコ（水着）,ホシノ,アヤネ（水着）,ミチル（ドレス）
BlueArchive 2026-08-29 081010_1.png,イオリ（水着）,エイミ,コトリ（応援団）,ネル（バニーガール）,ヒビキ,ミチル（ドレス）,ミカ,シュン,ミヤコ,ハルナ（正月）,アツコ（水着）,ミチル（ドレス）
BlueArchive 2026-08-29 081012_1.png,マキ,ユウカ,シロコ＊テラー,ネル（バニーガール）,ヒビキ,ミチル（ドレス）,ハナコ（水着）,エイミ,ユウカ,ミヤコ,ヤクモ,シロコ（水着）
BlueArchive 2026-08-29 081015_1.png,シロコ＊テラー,ユウカ,マキ,ネル（バニーガール）,ヒビキ,ミチル（ドレス）,シロコ＊テラー,シュン,ツバキ,ハナコ（水着）,ミチル（ドレス）,レイサ（マジカル）
BlueArchive 2026-08-29 081016_1.png,マキ,ユウカ,ツルギ,ツバキ,ヒビキ,ミチル（ドレス）,ハナコ（水着）,ツバキ,シュン,ユウカ,ミチル（ドレス）,ヒビキ
BlueArchive 2026-08-29 081019_1.png,イオリ（水着）,ユウカ,ツルギ,ツバキ,アヤネ（水着）,ミチル（ドレス）,エイミ,ハナコ（水着）,シロコ＊テラー,ホシノ,シロコ（水着）,ヒビキ
BlueArchive 2026-08-29 081020_1.png,マキ,ユウカ,ネル（バニーガール）,マリナ,アヤネ（水着）,ミチル（ドレス）,ハナコ（水着）,ホシノ,ネル（バニーガール）,シロコ＊テラー,アヤネ（水着）,ミチル（ドレス）
BlueArchive 2026-08-29 081023_1.png,イオリ（水着）,ユウカ,ネル（バニーガール）,マリナ,アヤネ（水着）,ミチル（ドレス）,エイミ,シロコ＊テラー,ツバキ,ノノミ,サキ,シロコ（水着）
BlueArchive 2026-08-29 081024_1.png,イオリ（水着）,ユウカ,ネル（バニーガール）,マリナ,アヤネ（水着）,ミチル（ドレス）,エイミ,シロコ＊テラー,ホシノ,ホシノ（臨戦）,ヒビキ,ミチル（ドレス）
BlueArchive 2026-08-29 081027_1.png,イオリ（水着）,ユウカ,ネル（バニーガール）,マリナ,アヤネ（水着）,ミチル（ドレス）,マリナ,ネル（バニーガール）,エイミ,シロコ＊テラー,ミチル（ドレス）,アヤネ（水着）
BlueArchive 2026-08-29 081029_1.png,ツルギ,ユウカ,ネル（バニーガール）,マキ,サツキ,ミチル（ドレス）,エイミ,ツルギ,アツコ,ホシノ（臨戦）,ミチル（ドレス）,ヤクモ
BlueArchive 2026-08-29 081033_1.png,ネル（バニーガール）,ツルギ,シュン,ジュンコ,ヤクモ,ミチル（ドレス）,エイミ,ツルギ,アツコ,ホシノ（臨戦）,ミチル（ドレス）,ヤクモ
BlueArchive 2026-08-29 081034_1.png,ネル（バニーガール）,ツルギ,シュン,ジュンコ,ヤクモ,ミチル（ドレス）,エイミ,ツルギ,アツコ,ホシノ（臨戦）,ミチル（ドレス）,ヤクモ
BlueArchive 2026-08-29 081037_1.png,イオリ（水着）,ユウカ,ネル（バニーガール）,エイミ,アヤネ（水着）,ミチル（ドレス）,マリナ,ホシノ,ネル（バニーガール）,シロコ＊テラー,ミチル（ドレス）,アヤネ（水着）
BlueArchive 2026-08-29 081038_1.png,イオリ（水着）,ユウカ,ネル（バニーガール）,ミヤコ,アヤネ（水着）,ミチル（ドレス）,シュン,シロコ＊テラー,ホシノ,ミカ,ノドカ（温泉）,シロコ（水着）
BlueArchive 2026-08-29 081040_1.png,イオリ（水着）,ユウカ,ネル（バニーガール）,エイミ,アヤネ（水着）,ミチル（ドレス）,シュン,シロコ＊テラー,ホシノ,ミカ,ノドカ（温泉）,シロコ（水着）
BlueArchive 2026-08-29 081044_1.png,イオリ（水着）,ユウカ,マリナ,ネル（バニーガール）,アヤネ（水着）,シロコ（水着）,マリナ,シュン,ネル（バニーガール）,シロコ＊テラー,ミチル（ドレス）,アヤネ（水着）
BlueArchive 2026-08-29 081048_1.png,ホシノ（臨戦）,マリナ,ネル（バニーガール）,ユウカ,アヤネ（水着）,シロコ（水着）,ネル（バニーガール）,シロコ＊テラー,マリナ,シュン,ミチル（ドレス）,アヤネ（水着）
BlueArchive 2026-08-29 081050_1.png,ホシノ（臨戦）,マリナ,カノエ,シュン,アヤネ（水着）,ミチル（ドレス）,ネル（バニーガール）,シロコ＊テラー,マリナ,シュン,ミチル（ドレス）,アヤネ（水着）
BlueArchive 2026-08-29 081052_1.png,ネル（制服）,ネル（バニーガール）,マリナ,イオリ（水着）,アヤネ（水着）,ミチル（ドレス）,ネル（バニーガール）,シロコ＊テラー,マリナ,シュン,ミチル（ドレス）,アヤネ（水着）
BlueArchive 2026-08-29 081055_1.png,マキ,マリナ,エイミ,イオリ（水着）,ウタハ,ミチル（ドレス）,ネル（バニーガール）,シロコ＊テラー,エイミ,シュン,ミチル（ドレス）,ウタハ
BlueArchive 2026-08-29 081056_1.png,ミユ,マリナ,エイミ,イオリ（水着）,ウタハ,ミチル（ドレス）,ネル（バニーガール）,シロコ＊テラー,エイミ,シュン,ミチル（ドレス）,ウタハ
BlueArchive 2026-08-29 081058_1.png,ミユ,マリナ,エイミ,イオリ（水着）,ウタハ,ミチル（ドレス）,ネル（バニーガール）,シロコ＊テラー,エイミ,シュン,ミチル（ドレス）,ウタハ
BlueArchive 2026-08-29 081059_1.png,ミユ,マリナ,エイミ,イオリ（水着）,ウタハ,ミチル（ドレス）,ネル（バニーガール）,シロコ＊テラー,エイミ,シュン,ミチル（ドレス）,アヤネ（水着）
BlueArchive 2026-08-29 081100_1.png,ミユ,マリナ,エイミ,イオリ（水着）,ウタハ,ミチル（ドレス）,シロコ＊テラー,ネル（バニーガール）,エイミ,シュン,ミチル（ドレス）,アヤネ（水着）
BlueArchive 2026-08-29 081103_1.png,ミユ,マリナ,エイミ,イオリ（水着）,ウタハ,ミチル（ドレス）,シロコ＊テラー,ネル（バニーガール）,エイミ,シュン,ミチル（ドレス）,アヤネ（水着）
BlueArchive 2026-08-29 081104_1.png,ミユ,マリナ,エイミ,イオリ（水着）,ウタハ,ミチル（ドレス）,シロコ＊テラー,ネル（バニーガール）,エイミ,シュン,ミチル（ドレス）,アヤネ（水着）
BlueArchive 2026-08-29 081107_1.png,ミユ,マリナ,エイミ,イオリ（水着）,ウタハ,ミチル（ドレス）,シロコ＊テラー,エイミ,ネル（バニーガール）,シュン,ミチル（ドレス）,アヤネ（水着）
BlueArchive 2026-08-29 081108_1.png,ミユ,マリナ,エイミ,イオリ（水着）,ウタハ,ミチル（ドレス）,シロコ＊テラー,ネル（バニーガール）,ツバキ,シュン,ミチル（ドレス）,アヤネ（水着）
BlueArchive 2026-08-29 081111_1.png,ミユ,マリナ,エイミ,シロコ＊テラー,ウタハ,ミチル（ドレス）,シロコ＊テラー,ネル（バニーガール）,ツバキ,シュン,ミチル（ドレス）,ヒビキ
BlueArchive 2026-08-29 081114_1.png,ホシノ（臨戦）,マリナ,エイミ,シロコ＊テラー,ウタハ,ミチル（ドレス）,シロコ＊テラー,ネル（バニーガール）,ツバキ,シュン,ミチル（ドレス）,ヒビキ
BlueArchive 2026-08-29 081116_1.png,ホシノ（臨戦）,マリナ,エイミ,シロコ＊テラー,ウタハ,ミチル（ドレス）,シロコ＊テラー,ネル（バニーガール）,ツバキ,シュン,ミチル（ドレス）,ヒビキ
BlueArchive 2026-08-29 081117_1.png,ホシノ（臨戦）,マリナ,エイミ,シロコ＊テラー,ウタハ,ミチル（ドレス）,シロコ＊テラー,ネル（バニーガール）,エイミ,シュン,ミチル（ドレス）,ヒビキ
BlueArchive 2026-08-29 081120_1.png,ホシノ（臨戦）,マリナ,エイミ,シロコ＊テラー,ウタハ,ミチル（ドレス）,シロコ＊テラー,ネル（バニーガール）,エイミ,シュン,ミチル（ドレス）,ヒビキ
BlueArchive 2026-08-29 081123_1.png,ホシノ（水着）,エイミ,マリナ,ホシノ（臨戦）,ウタハ,ミチル（ドレス）,シュン,ネル（バニーガール）,エイミ,シロコ＊テラー,ミチル（ドレス）,ヒビキ
BlueArchive 2026-08-29 081124_1.png,ホシノ（水着）,エイミ,マリナ,ホシノ（臨戦）,ウタハ,ミチル（ドレス）,シュン,ネル（バニーガール）,エイミ,シロコ＊テラー,ミチル（ドレス）,ヒビキ
BlueArchive 2026-08-29 081127_1.png,イオリ（水着）,エイミ,マリナ,ホシノ（臨戦）,ウタハ,ミチル（ドレス）,シュン,ネル（バニーガール）,エイミ,シロコ＊テラー,ミチル（ドレス）,ヒビキ
BlueArchive 2026-08-29 081134_1.png,ヨシミ（バンド）,エイミ,マリナ,ネル（バニーガール）,ウタハ,ミチル（ドレス）,エイミ,シロコ＊テラー,ホシノ（臨戦）,ハナコ（水着）,シロコ（水着）,アヤネ（水着）
BlueArchive 2026-08-29 081136_1.png,エイミ（臨戦）,エイミ,マリナ,マリナ（チーパオ）,ウタハ,ミチル（ドレス）,エイミ,シロコ＊テラー,ホシノ（臨戦）,ハナコ（水着）,シロコ（水着）,アヤネ（水着）
BlueArchive 2026-08-29 081137_1.png,エイミ（臨戦）,エイミ,マリナ,マリナ（チーパオ）,ウタハ,ミチル（ドレス）,エイミ,シロコ＊テラー,ホシノ（臨戦）,ハナコ（水着）,シロコ（水着）,アヤネ（水着）
BlueArchive 2026-08-29 081140_1.png,エイミ（臨戦）,エイミ,マリナ,マリナ（チーパオ）,ウタハ,ミチル（ドレス）,エイミ,シロコ＊テラー,ホシノ（臨戦）,ハナコ（水着）,シロコ（水着）,アヤネ（水着）
BlueArchive 2026-08-29 081141_1.png,エイミ（臨戦）,エイミ,マリナ,マリナ（チーパオ）,ウタハ,ミチル（ドレス）,エイミ,シロコ＊テラー,ホシノ（臨戦）,ハナコ（水着）,シロコ（水着）,アヤネ（水着）
BlueArchive 2026-08-29 081142_1.png,エイミ（臨戦）,エイミ,マリナ,マリナ（チーパオ）,ウタハ,ミチル（ドレス）,エイミ,シロコ＊テラー,ホシノ（臨戦）,ハナコ（水着）,シロコ（水着）,アヤネ（水着）
BlueArchive 2026-08-29 081144_1.png,エイミ（臨戦）,エイミ,マリナ,マリナ（チーパオ）,ウタハ,ミチル（ドレス）,エイミ,シロコ＊テラー,ホシノ（臨戦）,ハナコ（水着）,シロコ（水着）,アヤネ（水着）
BlueArchive 2026-08-29 081147_1.png,エイミ（臨戦）,エイミ,マリナ,マリナ（チーパオ）,ウタハ,ミチル（ドレス）,エイミ,シロコ＊テラー,ホシノ（臨戦）,ハナコ（水着）,シロコ（水着）,アヤネ（水着）
BlueArchive 2026-08-29 081148_1.png,ホシノ（水着）,エイミ,ツルギ,ホシノ（臨戦）,ウタハ,ミチル（ドレス）,シュン,マリナ,ネル（バニーガール）,シロコ＊テラー,ウタハ,ミチル（ドレス）
BlueArchive 2026-08-29 081149_1.png,イオリ（水着）,エイミ,マリナ（チーパオ）,ホシノ（臨戦）,ウタハ,ミチル（ドレス）,シュン,マリナ,ネル（バニーガール）,シロコ＊テラー,ウタハ,ミチル（ドレス）
BlueArchive 2026-08-29 081151_1.png,イオリ（水着）,エイミ,マリナ（チーパオ）,ホシノ（臨戦）,ウタハ,ミチル（ドレス）,シュン,マリナ,ネル（バニーガール）,シロコ＊テラー,ウタハ,ミチル（ドレス）
BlueArchive 2026-08-29 081155_1.png,イオリ（水着）,エイミ,ホシノ（臨戦）,マリナ（チーパオ）,ウタハ,ミチル（ドレス）,シュン,マリナ,ネル（バニーガール）,シロコ＊テラー,ウタハ,ミチル（ドレス）
BlueArchive 2026-08-29 081156_1.png,イオリ（水着）,エイミ,ホシノ（臨戦）,マリナ（チーパオ）,ウタハ,ミチル（ドレス）,シュン,マリナ,ネル（バニーガール）,シロコ＊テラー,ウタハ,ミチル（ドレス）
BlueArchive 2026-08-29 081157_1.png,イオリ（水着）,エイミ,ユウカ,マリナ（チーパオ）,ウタハ,ミチル（ドレス）,シュン,マリナ,ネル（バニーガール）,シロコ＊テラー,ウタハ,ミチル（ドレス）
BlueArchive 2026-08-29 081201_1.png,マリナ（チーパオ）,マリナ,イオリ（水着）,ユウカ,ウタハ,ミチル（ドレス）,ホシノ（臨戦）,ネル（バニーガール）,マリナ,シロコ＊テラー,ウタハ,ミチル（ドレス）
BlueArchive 2026-08-29 081202_1.png,マリナ（チーパオ）,マリナ,イオリ（水着）,ユウカ,ウタハ,ミチル（ドレス）,ホシノ（臨戦）,ネル（バニーガール）,マリナ,シロコ＊テラー,ウタハ,ミチル（ドレス）
BlueArchive 2026-08-29 081204_1.png,イオリ（水着）,マリナ,マリナ（チーパオ）,ユウカ,ウタハ,ミチル（ドレス）,シュン,ネル（バニーガール）,マリナ,ハスミ（水着）,ウタハ,ミチル（ドレス）
BlueArchive 2026-08-29 081205_1.png,マリナ（チーパオ）,イオリ（水着）,ユウカ,マリナ,ウタハ,ミチル（ドレス）,シュン,ネル（バニーガール）,マリナ,ハスミ（水着）,ウタハ,ミチル（ドレス）
BlueArchive 2026-08-29 081208_1.png,シロコ＊テラー,マリナ,ユウカ,イオリ（水着）,ウタハ,ミチル（ドレス）,ツバキ,シュン,マリナ,ハスミ（水着）,ウタハ,ミチル（ドレス）
BlueArchive 2026-08-29 081210_1.png,シロコ＊テラー,マリナ,ユウカ,ミネ,ナギサ,ミチル（ドレス）,ツバキ,シュン,ハスミ（水着）,マリナ,ウタハ,ミチル（ドレス）
BlueArchive 2026-08-29 081212_1.png,シロコ＊テラー,マリナ,ユウカ,ミネ,ナギサ,ミチル（ドレス）,ツバキ,シュン,ハスミ（水着）,マリナ,ウタハ,ミチル（ドレス）
BlueArchive 2026-08-29 081215_1.png,シロコ＊テラー,マリナ,ユウカ,ミネ,ミノリ,ミチル（ドレス）,ツバキ,シュン,ハスミ（水着）,マリナ,ウタハ,ミチル（ドレス）
BlueArchive 2026-08-29 081217_1.png,アズサ（水着）,マリナ,ユウカ,ミネ,ミノリ,ミチル（ドレス）,ツバキ,シュン,ハスミ（水着）,マリナ,ウタハ,ミチル（ドレス）
BlueArchive 2026-08-29 081219_1.png,イオリ（水着）,マリナ,ユウカ,ミネ,ユズ（メイド）,ミチル（ドレス）,シュン,ネル（バニーガール）,シロコ＊テラー,マリナ,ウタハ,ミチル（ドレス）
BlueArchive 2026-08-29 081221_1.png,アル,マリナ,ユウカ,ミネ,ユズ（メイド）,ミチル（ドレス）,ハスミ（水着）,エイミ,ネル（バニーガール）,シロコ＊テラー,ウタハ,ミチル（ドレス）
BlueArchive 2026-08-29 081223_1.png,アル,マリナ,ツルギ,ミネ,ユズ（メイド）,ミチル（ドレス）,ハスミ（水着）,エイミ,ネル（バニーガール）,シロコ＊テラー,ウタハ,ミチル（ドレス）
BlueArchive 2026-08-29 081226_1.png,アル,エイミ,ツルギ,ミネ,ユズ（メイド）,ミチル（ドレス）,ハスミ（水着）,エイミ,ネル（バニーガール）,シロコ＊テラー,ウタハ,ミチル（ドレス）
BlueArchive 2026-08-29 081227_1.png,アル,エイミ,ツルギ,ミネ,レイサ（マジカル）,ミチル（ドレス）,ハスミ（水着）,エイミ,ネル（バニーガール）,シロコ＊テラー,ウタハ,ミチル（ドレス）
BlueArchive 2026-08-29 081230_1.png,ヒナ（ドレス）,エイミ,ミネ,ツルギ,レイサ（マジカル）,ミチル（ドレス）,シュン,エイミ,ネル（バニーガール）,シロコ＊テラー,ウタハ,ミチル（ドレス）
BlueArchive 2026-08-29 081233_1.png,イオリ（水着）,ヨシミ（バンド）,カノエ,ユウカ,レイサ（マジカル）,ミチル（ドレス）,シュン,エイミ,ネル（バニーガール）,シロコ＊テラー,ウタハ,ミチル（ドレス）
BlueArchive 2026-08-29 081235_1.png,,イオリ（水着）,エイミ,ユウカ,ウタハ,ミチル（ドレス）,シュン,エイミ,ネル（バニーガール）,シロコ＊テラー,ウタハ,ミチル（ドレス）
BlueArchive 2026-08-29 081237_1.png,イオリ（水着）,,エイミ,ユウカ,ウタハ,ミチル（ドレス）,シュン,エイミ,ネル（バニーガール）,シロコ＊テラー,ウタハ,ミチル（ドレス）
BlueArchive 2026-08-29 081240_1.png,シュン,アツコ,エイミ,ユウカ,ヤクモ,ユズ（メイド）,シュン,エイミ,ネル（バニーガール）,シロコ＊テラー,ウタハ,ミチル（ドレス）
BlueArchive 2026-08-29 081242_1.png,イオリ（水着）,ユウカ,ホシノ（臨戦）,シュン,レイサ（マジカル）,シロコ（水着）,シュン,エイミ,ネル（バニーガール）,シロコ＊テラー,ウタハ,ミチル（ドレス）
BlueArchive 2026-08-29 081246_1.png,クルミ,ツルギ,イオリ,ホシノ（臨戦）,ウタハ,ミチル（ドレス）,シュン,エイミ,ネル（バニーガール）,シロコ＊テラー,ウタハ,ミチル（ドレス）
BlueArchive 2026-08-29 081248_1.png,エイミ,ツルギ,イオリ,ホシノ（臨戦）,ウタハ,ミチル（ドレス）,シュン,エイミ,ネル（バニーガール）,シロコ＊テラー,ウタハ,ミチル（ドレス）
BlueArchive 2026-08-29 081250_1.png,エイミ,ツルギ,イオリ（水着）,ホシノ（臨戦）,ウタハ,ミチル（ドレス）,シュン,エイミ,ネル（バニーガール）,シロコ＊テラー,ウタハ,ミチル（ドレス）
BlueArchive 2026-08-29 081252_1.png,エイミ,ツルギ,イオリ（水着）,ホシノ（臨戦）,ウタハ,ミチル（ドレス）,シュン,エイミ,ネル（バニーガール）,シロコ＊テラー,ウタハ,ミチル（ドレス）
BlueArchive 2026-08-29 081253_1.png,エイミ,ツルギ,イオリ（水着）,ホシノ（臨戦）,アツコ（水着）,ミチル（ドレス）,シュン,エイミ,ネル（バニーガール）,シロコ＊テラー,ウタハ,ミチル（ドレス）
BlueArchive 2026-08-29 081255_1.png,エイミ,ツルギ,イオリ（水着）,ホシノ（臨戦）,アツコ（水着）,ミチル（ドレス）,シュン,エイミ,ネル（バニーガール）,シロコ＊テラー,ウタハ,ミチル（ドレス）
BlueArchive 2026-08-29 081257_1.png,イオリ（水着）,エイミ,マリナ（チーパオ）,ホシノ（臨戦）,ウタハ,ミチル（ドレス）,マリナ,ホシノ,ネル（バニーガール）,シロコ＊テラー,ミチル（ドレス）,アヤネ（水着）
BlueArchive 2026-08-29 081259_1.png,エイミ,ツルギ,イオリ（水着）,ホシノ（臨戦）,アツコ（水着）,ミチル（ドレス）,マリナ,ホシノ,ネル（バニーガール）,シロコ＊テラー,ミチル（ドレス）,アヤネ（水着）
BlueArchive 2026-08-29 081301_1.png,エイミ,ツルギ,イオリ（水着）,ホシノ（臨戦）,アツコ（水着）,ミチル（ドレス）,エイミ,シロコ＊テラー,ホシノ（臨戦）,ハナコ（水着）,シロコ（水着）,アヤネ（水着）
BlueArchive 2026-08-29 081304_1.png,イオリ（水着）,シュン,マリナ（チーパオ）,エイミ,ウタハ,ミチル（ドレス）,シュン,マリナ,ネル（バニーガール）,マリナ（チーパオ）,ウタハ,ミチル（ドレス）
BlueArchive 2026-08-29 081305_1.png,イオリ（水着）,シュン,マリナ（チーパオ）,エイミ,ウタハ,レイサ（マジカル）,エイミ,ツバキ,カノエ,ハナコ（水着）,ミチル（ドレス）,ヤクモ
BlueArchive 2026-08-29 081307_1.png,マリナ（チーパオ）,ネル（バニーガール）,エイミ,ユウカ,ウタハ,レイサ（マジカル）,ハナコ（水着）,ホシノ,ネル（バニーガール）,シロコ＊テラー,アヤネ（水着）,ミチル（ドレス）
BlueArchive 2026-08-29 081308_1.png,ヒヨリ（水着）,ネル（バニーガール）,エイミ,ユウカ,ウタハ,レイサ（マジカル）,ハナコ（水着）,ホシノ,ネル（バニーガール）,シロコ＊テラー,アヤネ（水着）,ミチル（ドレス）
BlueArchive 2026-08-29 081311_1.png,ユウカ,ネル（バニーガール）,エイミ,イオリ（水着）,ウタハ,レイサ（マジカル）,ユウカ,シロコ＊テラー,マリナ,ハルナ（正月）,ミチル（ドレス）,アヤネ（水着）
BlueArchive 2026-08-29 081312_1.png,イオリ,ネル（バニーガール）,エイミ,ユウカ,ウタハ,レイサ（マジカル）,ハナコ（水着）,ホシノ,ネル（バニーガール）,シロコ＊テラー,アヤネ（水着）,ミチル（ドレス）
BlueArchive 2026-08-29 081314_1.png,ミカ,ネル（バニーガール）,エイミ,ユウカ,ウタハ,レイサ（マジカル）,ハナコ（水着）,ホシノ,ネル（バニーガール）,シロコ＊テラー,アヤネ（水着）,ミチル（ドレス）
BlueArchive 2026-08-29 081315_1.png,ジュンコ,ホシノ,エイミ,ユウカ,ウタハ,アツコ（水着）,ハナコ（水着）,ホシノ,ネル（バニーガール）,シロコ＊テラー,アヤネ（水着）,ミチル（ドレス）
BlueArchive 2026-08-29 081317_1.png,ハスミ（体操服）,エイミ,ユウカ,コハル（水着）,ウタハ,アツコ（水着）,シュン,ホシノ（水着）,ネル（バニーガール）,シロコ＊テラー,ウタハ,ミチル（ドレス）
BlueArchive 2026-08-29 081319_1.png,アズサ,エイミ,ユウカ,コハル（水着）,ウタハ,アツコ（水着）,マリナ,ホシノ,ネル（バニーガール）,シロコ＊テラー,ミチル（ドレス）,ウタハ
BlueArchive 2026-08-29 081321_1.png,アイリ（バンド）,エイミ,ユウカ,ジュンコ,ウタハ,アツコ（水着）,マリナ,ホシノ,ネル（バニーガール）,シロコ＊テラー,ミチル（ドレス）,ウタハ
BlueArchive 2026-08-29 081324_1.png,ツルギ（水着）,エイミ,ユウカ,コハル（水着）,ウタハ,ノドカ（温泉）,シュン,ホシノ（水着）,ネル（バニーガール）,シロコ＊テラー,ウタハ,ミチル（ドレス）
BlueArchive 2026-08-29 081328_1.png,ユウカ,イオリ（水着）,ネル（バニーガール）,シロコ＊テラー,ウタハ,レイサ（マジカル）,シロコ＊テラー,ホシノ,エイミ,ハナコ（水着）,ミチル（ドレス）,レイサ（マジカル）
BlueArchive 2026-08-29 081330_1.png,ユウカ,マキ,ツバキ,エイミ,ウタハ,マシロ,シロコ＊テラー,ホシノ,エイミ,ハナコ（水着）,ミチル（ドレス）,レイサ（マジカル）
BlueArchive 2026-08-29 081332_1.png,アル,ユウカ,エイミ,マキ,ウタハ,ノドカ（温泉）,エイミ,ハナコ（水着）,カノエ,ノノミ,ミチル（ドレス）,ヤクモ
BlueArchive 2026-08-29 081334_1.png,ヒビキ（応援団）,ユウカ,エイミ,マキ,ウタハ,マシロ,エイミ,ハナコ（水着）,カノエ,ノノミ,ミチル（ドレス）,ヤクモ
BlueArchive 2026-08-29 081335_1.png,エイミ,ユウカ,ネル,マキ,ウタハ,マシロ,エイミ,ハナコ（水着）,カノエ,ノノミ,ミチル（ドレス）,ヤクモ
BlueArchive 2026-08-29 081339_1.png,ユウカ,マキ,ツバキ,エイミ,ウタハ,マシロ,シロコ＊テラー,ホシノ,エイミ,ハナコ（水着）,ミチル（ドレス）,レイサ（マジカル）
BlueArchive 2026-08-29 081340_1.png,エイミ,ユウカ,ネル,マキ,ウタハ,マシロ,エイミ,ハナコ（水着）,カノエ,ノノミ,ミチル（ドレス）,ヤクモ
BlueArchive 2026-08-29 081341_1.png,エイミ,ユウカ,ネル,マキ,ウタハ,マシロ,クルミ,ツバキ,カノエ,ハスミ（水着）,ミチル（ドレス）,エリカ
BlueArchive 2026-08-29 081344_1.png,エイミ,アズサ（水着）,イロハ（水着）,,,,クルミ,ツバキ,カノエ,ハスミ（水着）,ミチル（ドレス）,エリカ
BlueArchive 2026-08-29 081438_1.png,エイミ,セナ（私服）,イロハ（水着）,,,,クルミ,ツバキ,カノエ,ハスミ（水着）,ミチル（ドレス）,エリカ
BlueArchive 2026-08-29 081442_1.png,エイミ,ヒビキ,ヤクモ,,,,クルミ,ツバキ,カノエ,ハスミ（水着）,ミチル（ドレス）,エリカ
BlueArchive 2026-08-29 081445_1.png,イオリ（水着）,エイミ,カノエ,シュン,イロハ,シロコ（水着）,シュン,ツバキ,カノエ,ハスミ（水着）,ミチル（ドレス）,エリカ
BlueArchive 2026-08-29 081447_1.png,シュン,エイミ,カノエ,イオリ（水着）,イロハ,シロコ（水着）,シュン,ツバキ,カノエ,ハスミ（水着）,ミチル（ドレス）,エリカ
BlueArchive 2026-08-29 081448_1.png,シロコ＊テラー,エイミ,カノエ,シュン,イロハ,シロコ（水着）,シュン,ツバキ,カノエ,ハスミ（水着）,ミチル（ドレス）,エリカ
BlueArchive 2026-08-29 081451_1.png,エイミ,ユウカ,ネル,マキ,ウタハ,サツキ,エイミ,ツバキ,ツルギ,ホシノ（臨戦）,ウタハ,ヤクモ
BlueArchive 2026-08-29 081452_1.png,エイミ,ツルギ,イオリ（水着）,シロコ＊テラー,ウタハ,レイサ（マジカル）,シュン,エイミ,マリナ,ユズ,ウタハ,ミチル（ドレス）
BlueArchive 2026-08-29 081455_1.png,シロコ＊テラー,イオリ（水着）,ユウカ,エイミ,ウタハ,レイサ（マジカル）,ツバキ,ハスミ（水着）,カノエ,シュン,ミチル（ドレス）,エリカ
BlueArchive 2026-08-29 081457_1.png,シロコ＊テラー,エイミ,イオリ（水着）,マキ,ウタハ,レイサ（マジカル）,ツバキ,ハスミ（水着）,カノエ,シュン,ミチル（ドレス）,エリカ
BlueArchive 2026-08-29 081459_1.png,シロコ＊テラー,ヒフミ,イオリ（水着）,マキ,ウタハ,レイサ（マジカル）,ツバキ,ハスミ（水着）,カノエ,シュン,ミチル（ドレス）,エリカ
BlueArchive 2026-08-29 081501_1.png,イズナ,シロコ＊テラー,イオリ（水着）,マキ,ウタハ,レイサ（マジカル）,ツバキ,ハスミ（水着）,カノエ,シュン,ミチル（ドレス）,エリカ
BlueArchive 2026-08-29 081503_1.png,イズナ,アリス（メイド）,マキ,アル,ウタハ,アツコ（水着）,ツバキ,ハスミ（水着）,カノエ,シュン,ミチル（ドレス）,エリカ
BlueArchive 2026-08-29 081504_1.png,イズナ,アリス,マキ,アル,ウタハ,アツコ（水着）,ツバキ,ハスミ（水着）,カノエ,シュン,ミチル（ドレス）,エリカ
BlueArchive 2026-08-29 081506_1.png,マリナ（チーパオ）,マリナ,イオリ（水着）,ミネ,ウタハ,アツコ（水着）,ネル（バニーガール）,マリナ,ユウカ,シュン,ミチル（ドレス）,アヤネ（水着）
BlueArchive 2026-08-29 081508_1.png,マリナ（チーパオ）,イオリ（水着）,マリナ,エイミ,ウタハ,ミチル（ドレス）,ネル（バニーガール）,マリナ,ユウカ,シュン,ミチル（ドレス）,アヤネ（水着）
BlueArchive 2026-08-29 081510_1.png,マリナ（チーパオ）,,イオリ（水着）,マリナ,ウタハ,ミチル（ドレス）,ネル（バニーガール）,マリナ,ユウカ,シュン,ミチル（ドレス）,アヤネ（水着）
BlueArchive 2026-08-29 081512_1.png,マリナ（チーパオ）,スズミ（マジカル）,イオリ（水着）,マリナ,ウタハ,ミチル（ドレス）,ネル（バニーガール）,マリナ,ユウカ,シュン,ミチル（ドレス）,アヤネ（水着）
BlueArchive 2026-08-29 081515_1.png,スズミ（マジカル）,イオリ（水着）,ミユ,クルミ,ウタハ,ミチル（ドレス）,ネル（バニーガール）,マリナ,ユウカ,シュン,ミチル（ドレス）,アヤネ（水着）
BlueArchive 2026-08-29 081516_1.png,スズミ（マジカル）,イオリ（水着）,ネル（制服）,ホシノ（水着）,レイサ（マジカル）,ヒマリ（臨戦）,ネル（バニーガール）,マリナ,ユウカ,シュン,ミチル（ドレス）,アヤネ（水着）
BlueArchive 2026-08-29 081519_1.png,マリナ（チーパオ）,ツルギ,マリナ,ホシノ（臨戦）,ウタハ,ミチル（ドレス）,シュン,ミヤコ,ツバキ,イオリ（水着）,ウタハ,イロハ
BlueArchive 2026-08-29 081520_1.png,マリナ（チーパオ）,ツルギ,マリナ,ホシノ（臨戦）,ウタハ,ミチル（ドレス）,シュン,ミヤコ,ツバキ,イオリ（水着）,ウタハ,イロハ
BlueArchive 2026-08-29 081523_1.png,マリナ（チーパオ）,ツルギ,マリナ,ホシノ（臨戦）,ウタハ,ミチル（ドレス）,シュン,ミヤコ,ツバキ,イオリ（水着）,ウタハ,イロハ
BlueArchive 2026-08-29 081524_1.png,イオリ,ツルギ,エイミ,コハル（水着）,ウタハ,アツコ（水着）,シュン,ミヤコ,ツバキ,イオリ（水着）,ウタハ,イロハ
BlueArchive 2026-08-29 081525_1.png,ホシノ,ツルギ,エイミ,コハル（水着）,ウタハ,サキ,シュン,ミヤコ,ツバキ,イオリ（水着）,ウタハ,イロハ
BlueArchive 2026-08-29 081528_1.png,エイミ,ツルギ,ツバキ,コハル（水着）,ウタハ,アヤネ（水着）,シュン,ミヤコ,ツバキ,イオリ（水着）,ウタハ,イロハ
BlueArchive 2026-08-29 081530_1.png,ユウカ,ツルギ,エイミ,イオリ（水着）,ウタハ,レイサ（マジカル）,シロコ＊テラー,エイミ,ツバキ,ハスミ（水着）,ミチル（ドレス）,ウタハ
BlueArchive 2026-08-29 081532_1.png,ユウカ,ツルギ,シロコ＊テラー,イオリ（水着）,ウタハ,レイサ（マジカル）,シロコ＊テラー,エイミ,ツバキ,ハスミ（水着）,ミチル（ドレス）,ウタハ
BlueArchive 2026-08-29 081534_1.png,ユウカ,ツルギ,シロコ＊テラー,イオリ（水着）,ウタハ,レイサ（マジカル）,シロコ＊テラー,エイミ,ツバキ,ハスミ（水着）,ミチル（ドレス）,ウタハ
BlueArchive 2026-08-29 081536_1.png,ユウカ,ツルギ,シロコ＊テラー,イオリ（水着）,ウタハ,レイサ（マジカル）,シロコ＊テラー,エイミ,ネル（バニーガール）,イオリ（水着）,ミチル（ドレス）,ウタハ
BlueArchive 2026-08-29 081539_1.png,マリナ（チーパオ）,エイミ,ユウカ,イオリ（水着）,ウタハ,ミチル（ドレス）,ネル（バニーガール）,ハスミ（水着）,シロコ＊テラー,エイミ,ミチル（ドレス）,シロコ（水着）
BlueArchive 2026-08-29 081542_1.png,ホシノ（水着）,エイミ,ユウカ,イオリ（水着）,ウタハ,ミチル（ドレス）,ネル（バニーガール）,ハスミ（水着）,アツコ,シロコ＊テラー,ミチル（ドレス）,ヒビキ
BlueArchive 2026-08-29 081544_1.png,ホシノ（水着）,エイミ,ユウカ,サオリ（水着）,ウタハ,ミチル（ドレス）,ネル（バニーガール）,ハスミ（水着）,アツコ,シロコ＊テラー,ミチル（ドレス）,ヒビキ
BlueArchive 2026-08-29 081546_1.png,ホシノ（水着）,エイミ,サオリ（水着）,ユウカ,ウタハ,ミチル（ドレス）,ネル（バニーガール）,ハスミ（水着）,アツコ,シロコ＊テラー,ミチル（ドレス）,ヒビキ
BlueArchive 2026-08-29 081548_1.png,エイミ,ホシノ（水着）,シロコ＊テラー,ユウカ,ウタハ,ミチル（ドレス）,ネル（バニーガール）,ハスミ（水着）,アツコ,シロコ＊テラー,ミチル（ドレス）,ヒビキ
BlueArchive 2026-08-29 081550_1.png,イオリ（水着）,ユウカ,エイミ,シロコ＊テラー,ウタハ,レイサ（マジカル）,マリナ,ハスミ（水着）,ネル（バニーガール）,シロコ＊テラー,ミチル（ドレス）,ヒビキ
BlueArchive 2026-08-29 081553_1.png,イオリ（水着）,エイミ,ユウカ,ネル（バニーガール）,ウタハ,レイサ（マジカル）,マリナ,イオリ（水着）,ネル（バニーガール）,シロコ＊テラー,ミチル（ドレス）,カリン
BlueArchive 2026-08-29 081555_1.png,イオリ（水着）,ツバキ,ユウカ,ネル（バニーガール）,ウタハ,レイサ（マジカル）,マリナ,イオリ（水着）,ネル（バニーガール）,シロコ＊テラー,ミチル（ドレス）,カリン
BlueArchive 2026-08-29 081556_1.png,イオリ（水着）,ツバキ,ユウカ,ネル（バニーガール）,ウタハ,レイサ（マジカル）,マリナ,イオリ（水着）,ネル（バニーガール）,シロコ＊テラー,ミチル（ドレス）,カリン
BlueArchive 2026-08-29 081559_1.png,イオリ（水着）,ツバキ,ユウカ,マリナ,ウタハ,レイサ（マジカル）,マリナ,ツバキ,ネル（バニーガール）,シロコ＊テラー,レイサ（マジカル）,アヤネ（水着）
BlueArchive 2026-08-29 081601_1.png,マリナ（チーパオ）,シロコ＊テラー,エイミ,ユウカ,ウタハ,レイサ（マジカル）,ネル（バニーガール）,ツバキ,エイミ,シロコ＊テラー,レイサ（マジカル）,ウタハ
BlueArchive 2026-08-29 081606_1.png,エイミ,ツルギ,ツバキ,ホシノ（臨戦）,ウタハ,アヤネ（水着）,シュン,ミカ,シロコ＊テラー,ネル（バニーガール）,ウタハ,イロハ
BlueArchive 2026-08-29 081607_1.png,ヨシミ（バンド）,ツルギ,ツバキ,イオリ（水着）,ウタハ,ミチル（ドレス）,エイミ,ツルギ,アツコ,ホシノ（臨戦）,ミチル（ドレス）,ヤクモ
BlueArchive 2026-08-29 081609_1.png,マリナ（チーパオ）,ツルギ,エイミ,イオリ（水着）,ウタハ,ミチル（ドレス）,シュン,ユウカ,ツバキ,ハスミ（水着）,ウタハ,イロハ
BlueArchive 2026-08-29 081611_1.png,イオリ（水着）,ツルギ,エイミ,ヨシミ（バンド）,ウタハ,ヤクモ,エイミ,シュン,マリナ,ハスミ（水着）,マシロ,ミチル（ドレス）
BlueArchive 2026-08-29 081613_1.png,ヨシミ（バンド）,ツルギ,エイミ,イオリ（水着）,ウタハ,ヤクモ,エイミ,シュン,マリナ,ハスミ（水着）,マシロ,ミチル（ドレス）
BlueArchive 2026-08-29 081615_1.png,ヨシミ（バンド）,ツルギ,ツバキ,イオリ（水着）,ウタハ,ヤクモ,エイミ,シュン,マリナ,ハスミ（水着）,マシロ,ミチル（ドレス）
BlueArchive 2026-08-29 081616_1.png,ツバキ,マリナ,シュン,ヒビキ（応援団）,ミチル（ドレス）,ヤクモ,エイミ,シュン,マリナ,ハスミ（水着）,マシロ,ミチル（ドレス）
BlueArchive 2026-08-29 081620_1.png,マリナ（チーパオ）,ツルギ,エイミ,イオリ（水着）,ウタハ,シロコ（水着）,ユウカ,シュン,ツバキ,ハスミ（水着）,レイサ（マジカル）,ミチル（ドレス）
BlueArchive 2026-08-29 081621_1.png,マリナ（チーパオ）,ツルギ,エイミ,イオリ（水着）,ウタハ,シロコ（水着）,ネル（バニーガール）,ハスミ（水着）,エイミ,シュン,マシロ,ミチル（ドレス）
BlueArchive 2026-08-29 081624_1.png,シロコ＊テラー,エイミ,ユウカ,イオリ（水着）,ウタハ,アヤネ（水着）,ユズ,ツバキ,エイミ,ハスミ（水着）,ウタハ,ヒビキ
BlueArchive 2026-08-29 081626_1.png,シロコ＊テラー,エイミ,ユウカ,イオリ（水着）,ウタハ,ヒビキ,ユズ,エイミ,ツバキ,ハスミ（水着）,ウタハ,ヒビキ
BlueArchive 2026-08-29 081627_1.png,シロコ＊テラー,エイミ,ユウカ,イズミ（水着）,ウタハ,ヒビキ,ユズ,エイミ,ツバキ,ハスミ（水着）,ウタハ,ヒビキ
BlueArchive 2026-08-29 081629_1.png,シロコ＊テラー,ジュリ（アルバイト）,エイミ,イズミ（水着）,ウタハ,ヒビキ,ユズ,エイミ,ツバキ,ハスミ（水着）,ウタハ,ヒビキ
BlueArchive 2026-08-29 081631_1.png,シロコ＊テラー,エイミ,ミカ（水着）,イズミ（水着）,ウタハ,ヒビキ,ユズ,エイミ,ツバキ,ハスミ（水着）,ウタハ,ヒビキ
BlueArchive 2026-08-29 081633_1.png,シロコ＊テラー,エイミ,ジュリ（アルバイト）,イズミ（水着）,ウタハ,ヒビキ,ユズ,エイミ,ツバキ,ハスミ（水着）,ウタハ,ヒビキ
BlueArchive 2026-08-29 081635_1.png,シロコ＊テラー,エイミ,ジュリ（アルバイト）,シュン,ウタハ,ヒビキ,ユズ,エイミ,ツバキ,ハスミ（水着）,ウタハ,ヒビキ
BlueArchive 2026-08-29 081637_1.png,シロコ＊テラー,エイミ,ジュリ（アルバイト）,アズサ（水着）,ウタハ,ヒビキ,ユズ,エイミ,ツバキ,ハスミ（水着）,ウタハ,ヒビキ
BlueArchive 2026-08-29 081639_1.png,ミカ（水着）,エイミ,クルミ,ワカモ,ウタハ,ヒビキ,ユズ,エイミ,ツバキ,ハスミ（水着）,ウタハ,ヒビキ
BlueArchive 2026-08-29 081640_1.png,シロコ＊テラー,エイミ,クルミ,ワカモ,ウタハ,ヒビキ,ユズ,エイミ,ツバキ,ハスミ（水着）,ウタハ,ヒビキ
BlueArchive 2026-08-29 081644_1.png,シロコ＊テラー,ユウカ,エイミ,ワカモ,ウタハ,ヒビキ,シロコ＊テラー,エイミ,ツバキ,ホシノ（臨戦）,ウタハ,レイサ（マジカル）
BlueArchive 2026-08-29 081646_1.png,ワカモ,エイミ,ユウカ,サオリ（水着）,ウタハ,ヒビキ,シロコ＊テラー,エイミ,ツバキ,ホシノ（臨戦）,ウタハ,レイサ（マジカル）
BlueArchive 2026-08-29 081650_1.png,ワカモ,ミヤコ,ユウカ,ハスミ（水着）,ウタハ,ヒビキ,シロコ＊テラー,エイミ,ツバキ,ホシノ（臨戦）,ウタハ,レイサ（マジカル）
BlueArchive 2026-08-29 081652_1.png,イオリ（水着）,ユウカ,ジュリ（アルバイト）,ワカモ（水着）,アツコ（水着）,ミチル（ドレス）,シロコ＊テラー,エイミ,ツバキ,ホシノ（臨戦）,ウタハ,レイサ（マジカル）
BlueArchive 2026-08-29 081654_1.png,イオリ（水着）,ユウカ,クルミ,ワカモ（水着）,アツコ（水着）,ミチル（ドレス）,シロコ＊テラー,エイミ,ツバキ,ホシノ（臨戦）,ウタハ,レイサ（マジカル）
BlueArchive 2026-08-29 081656_1.png,イオリ（水着）,ユウカ,エイミ,ワカモ（水着）,レイサ（マジカル）,ミチル（ドレス）,シロコ＊テラー,エイミ,ツバキ,ホシノ（臨戦）,ウタハ,レイサ（マジカル）
BlueArchive 2026-08-29 081658_1.png,イオリ（水着）,ツルギ,エイミ,ヒヨリ（水着）,アツコ（水着）,ミチル（ドレス）,シロコ＊テラー,エイミ,ツバキ,ホシノ（臨戦）,ウタハ,レイサ（マジカル）
BlueArchive 2026-08-29 081700_1.png,ムツキ（正月）,ツルギ,ユウカ,ヒヨリ（水着）,レイサ（マジカル）,ミチル（ドレス）,シロコ＊テラー,エイミ,ツバキ,ホシノ（臨戦）,ウタハ,レイサ（マジカル）
BlueArchive 2026-08-29 081703_1.png,シロコ＊テラー,ツルギ,エイミ,イオリ（水着）,レイサ（マジカル）,ミチル（ドレス）,シロコ＊テラー,ツバキ,エイミ,ハスミ（水着）,ミチル（ドレス）,ヤクモ
BlueArchive 2026-08-29 081705_1.png,マリナ（チーパオ）,ツルギ,エイミ,シロコ＊テラー,ウタハ,シロコ（水着）,ユウカ,ヒナ（水着）,ツバキ,シュン,レイサ（マジカル）,ミチル（ドレス）
BlueArchive 2026-08-29 081707_1.png,ユウカ,ハスミ（水着）,エイミ,シロコ＊テラー,ウタハ,ミチル（ドレス）,ユウカ,ヒナ（水着）,ツバキ,シュン,レイサ（マジカル）,ミチル（ドレス）
BlueArchive 2026-08-29 081711_1.png,マリナ（チーパオ）,ユウカ,エイミ,シロコ＊テラー,アツコ（水着）,ミチル（ドレス）,ネル（バニーガール）,シュン,マリナ,イオリ（水着）,ミチル（ドレス）,アヤネ（水着）
BlueArchive 2026-08-29 081713_1.png,シロコ＊テラー,ユウカ,エイミ,イオリ（水着）,アツコ（水着）,ミチル（ドレス）,シロコ＊テラー,ホシノ,エイミ,ハスミ（水着）,ミチル（ドレス）,ヒビキ
BlueArchive 2026-08-29 081715_1.png,シロコ＊テラー,ユウカ,エイミ,イオリ（水着）,アツコ（水着）,ミチル（ドレス）,シロコ＊テラー,ホシノ,エイミ,ハスミ（水着）,ミチル（ドレス）,ヒビキ
BlueArchive 2026-08-29 081718_1.png,シロコ＊テラー,ユウカ,エイミ,イオリ（水着）,アツコ（水着）,ミチル（ドレス）,シュン,ホシノ,シロコ＊テラー,エイミ,ウタハ,シロコ（水着）
BlueArchive 2026-08-29 081721_1.png,イオリ（水着）,ユウカ,エイミ,シロコ＊テラー,アツコ（水着）,ミチル（ドレス）,エイミ,ツバキ,シロコ＊テラー,ハナコ（水着）,ミチル（ドレス）,アヤネ（水着）
BlueArchive 2026-08-29 081722_1.png,ユウカ,ツルギ,エイミ,イオリ（水着）,アツコ（水着）,ミチル（ドレス）,シロコ＊テラー,ツバキ,エイミ,ハスミ（水着）,ミチル（ドレス）,ヤクモ
BlueArchive 2026-08-29 081723_1.png,イオリ（水着）,ユウカ,エイミ,シロコ＊テラー,アツコ（水着）,ミチル（ドレス）,エイミ,ハナコ（水着）,ネル（バニーガール）,ハスミ（水着）,シロコ（水着）,ヒビキ
BlueArchive 2026-08-29 081726_1.png,シロコ＊テラー,ユウカ,エイミ,イオリ（水着）,アツコ（水着）,ミチル（ドレス）,シロコ＊テラー,エイミ,ユウカ,イオリ（水着）,シロコ（水着）,アヤネ（水着）
BlueArchive 2026-08-29 081728_1.png,イオリ（水着）,ユウカ,エイミ,シロコ＊テラー,アツコ（水着）,ミチル（ドレス）,エイミ,シロコ＊テラー,ネル（バニーガール）,ホシノ（臨戦）,レイサ（マジカル）,シロコ（水着）
BlueArchive 2026-08-29 081730_1.png,イオリ（水着）,ツルギ,ユウカ,ハスミ（水着）,アツコ（水着）,ミチル（ドレス）,エイミ,シロコ＊テラー,ネル（バニーガール）,ホシノ（臨戦）,レイサ（マジカル）,シロコ（水着）
BlueArchive 2026-08-29 081732_1.png,ヒヨリ（水着）,ユウカ,エイミ,イオリ（水着）,アツコ（水着）,ミチル（ドレス）,ハナコ（水着）,ツバキ,エイミ,シロコ＊テラー,レイサ（マジカル）,シロコ（水着）
BlueArchive 2026-08-29 081734_1.png,コハル（水着）,ユウカ,エイミ,イオリ（水着）,アツコ（水着）,ミチル（ドレス）,シロコ＊テラー,ホシノ,エイミ,ハスミ（水着）,ミチル（ドレス）,ヒビキ
BlueArchive 2026-08-29 081736_1.png,ハスミ（水着）,ユウカ,エイミ,イオリ（水着）,アツコ（水着）,ミチル（ドレス）,シロコ＊テラー,ホシノ,エイミ,ハスミ（水着）,ミチル（ドレス）,ヒビキ
BlueArchive 2026-08-29 081737_1.png,ネル（制服）,ユウカ,エイミ,イオリ（水着）,アツコ（水着）,ミチル（ドレス）,シロコ＊テラー,ホシノ,エイミ,ハスミ（水着）,ミチル（ドレス）,ヒビキ
BlueArchive 2026-08-29 081741_1.png,マキ,ユウカ,エイミ,イオリ（水着）,アツコ（水着）,ミチル（ドレス）,シロコ＊テラー,ホシノ,エイミ,ハスミ（水着）,ミチル（ドレス）,ヒビキ
BlueArchive 2026-08-29 081743_1.png,マキ,ユウカ,エイミ,イオリ（水着）,アツコ（水着）,ミチル（ドレス）,レイサ,ハスミ（水着）,ツルギ,ミネ,レイサ（マジカル）,マシロ
BlueArchive 2026-08-29 081745_1.png,マキ,ユウカ,エイミ,イオリ（水着）,アツコ（水着）,ミチル（ドレス）,ホシノ,モモイ,ミドリ,ユウカ,シロコ（水着）,ヒビキ
BlueArchive 2026-08-29 081746_1.png,イオリ（水着）,ユウカ,エイミ,ハスミ（水着）,アツコ（水着）,ミチル（ドレス）,エイミ,ツバキ,イオリ（水着）,シロコ＊テラー,レイサ（マジカル）,ミチル（ドレス）
BlueArchive 2026-08-29 081749_1.png,マリナ（チーパオ）,ユウカ,エイミ,イオリ（水着）,アツコ（水着）,ミチル（ドレス）,ネル（バニーガール）,シュン,マリナ,イオリ（水着）,レイサ（マジカル）,ウタハ
BlueArchive 2026-08-29 081751_1.png,ハスミ（水着）,ユウカ,エイミ,イオリ（水着）,アツコ（水着）,ミチル（ドレス）,シロコ＊テラー,ホシノ,エイミ,ホシノ（臨戦）,ウタハ,レイサ（マジカル）
BlueArchive 2026-08-29 081755_1.png,シロコ＊テラー,ユウカ,エイミ,イオリ（水着）,アツコ（水着）,ミチル（ドレス）,ツバキ,ハスミ（水着）,シロコ＊テラー,ユウカ,シロコ（水着）,サツキ
BlueArchive 2026-08-29 081756_1.png,マキ,ユウカ,エイミ,イオリ（水着）,アツコ（水着）,ミチル（ドレス）,シロコ＊テラー,ホシノ,エイミ,ホシノ（臨戦）,ウタハ,レイサ（マジカル）
BlueArchive 2026-08-29 081759_1.png,ハスミ（水着）,ユウカ,エイミ,イオリ（水着）,アツコ（水着）,ミチル（ドレス）,シュン,ユウカ,シロコ＊テラー,エイミ,ウタハ,レイサ（マジカル）
BlueArchive 2026-08-29 081801_1.png,ユウカ,イオリ（水着）,ツバキ,シュン,セリカ（水着）,ミチル（ドレス）,シロコ＊テラー,エイミ,シュン,ツバキ,レイサ（マジカル）,ウタハ
BlueArchive 2026-08-29 081803_1.png,ハスミ（水着）,ユウカ,カノエ,シロコ＊テラー,ヤクモ,ミチル（ドレス）,シロコ＊テラー,エイミ,シュン,ツバキ,レイサ（マジカル）,ウタハ
BlueArchive 2026-08-29 081804_1.png,シロコ＊テラー,ユウカ,カノエ,ハスミ（水着）,ヤクモ,ミチル（ドレス）,シロコ＊テラー,エイミ,シュン,ツバキ,レイサ（マジカル）,ウタハ
BlueArchive 2026-08-29 081807_1.png,ユウカ,イオリ（水着）,シロコ＊テラー,チェリノ,アツコ（水着）,ミチル（ドレス）,シロコ＊テラー,エイミ,シュン,ツバキ,レイサ（マジカル）,ウタハ
BlueArchive 2026-08-29 081808_1.png,ユウカ,イオリ（水着）,シロコ＊テラー,チェリノ,アツコ（水着）,ミチル（ドレス）,エイミ,シュン,ユウカ,ヒナ（水着）,レイサ（マジカル）,ミチル（ドレス）
BlueArchive 2026-08-29 081810_1.png,イオリ（水着）,ユウカ,チェリノ,ネル（制服）,アツコ（水着）,ミチル（ドレス）,エイミ,シュン,ユウカ,ヒナ（水着）,レイサ（マジカル）,ミチル（ドレス）
BlueArchive 2026-08-29 081812_1.png,イオリ（水着）,ユウカ,チェリノ,ネル（制服）,アツコ（水着）,ミチル（ドレス）,エイミ,シュン,ユウカ,ヒナ（水着）,レイサ（マジカル）,ミチル（ドレス）
BlueArchive 2026-08-29 081814_1.png,アズサ,ユウカ,チェリノ,ユズ,アツコ（水着）,サヤ（私服）,エイミ,シュン,ユウカ,ヒナ（水着）,レイサ（マジカル）,ミチル（ドレス）
BlueArchive 2026-08-29 081816_1.png,チェリノ,ツルギ,ユウカ,ハスミ,アツコ（水着）,ヒビキ,エイミ,シュン,ユウカ,ヒナ（水着）,レイサ（マジカル）,ミチル（ドレス）
BlueArchive 2026-08-29 081818_1.png,チェリノ,ツルギ,ユウカ,ハスミ,アツコ（水着）,マシロ,エイミ,シュン,ユウカ,ヒナ（水着）,レイサ（マジカル）,ミチル（ドレス）
BlueArchive 2026-08-29 081820_1.png,チェリノ,エイミ,ミドリ,モモイ,アツコ（水着）,マシロ,エイミ,ハスミ（水着）,ハナコ（水着）,ツバキ,ミチル（ドレス）,レイサ（マジカル）
BlueArchive 2026-08-29 081821_1.png,チェリノ,エイミ,ミドリ,モモイ,アツコ（水着）,マシロ,エイミ,ハスミ（水着）,ハナコ（水着）,ツバキ,ミチル（ドレス）,レイサ（マジカル）
BlueArchive 2026-08-29 081823_1.png,チェリノ,エイミ,ミドリ,モモイ,アツコ（水着）,マシロ,エイミ,ハスミ（水着）,ハナコ（水着）,ツバキ,ミチル（ドレス）,レイサ（マジカル）
BlueArchive 2026-08-29 081824_1.png,チェリノ,エイミ,ミドリ,モモイ,アツコ（水着）,マシロ,エイミ,ハスミ（水着）,ネル（バニーガール）,ヒナ（水着）,ミチル（ドレス）,ウタハ
BlueArchive 2026-08-29 081828_1.png,チェリノ,エイミ,ツバキ,ワカモ（水着）,アツコ（水着）,ヒビキ,エイミ,ハスミ（水着）,ネル（バニーガール）,ヒナ（水着）,ミチル（ドレス）,ウタハ
BlueArchive 2026-08-29 081829_1.png,チェリノ,エイミ,ツバキ,ワカモ（水着）,アツコ（水着）,ヒビキ,エイミ,ハスミ（水着）,ネル（バニーガール）,ヒナ（水着）,ミチル（ドレス）,ウタハ
BlueArchive 2026-08-29 081830_1.png,チェリノ,エイミ,ツバキ,ユズ,アツコ（水着）,ヒビキ,エイミ,ハスミ（水着）,ネル（バニーガール）,ヒナ（水着）,ミチル（ドレス）,ウタハ
BlueArchive 2026-08-29 081833_1.png,チェリノ,エイミ,ツバキ,スミレ,アツコ（水着）,ヒビキ,エイミ,ハスミ（水着）,ネル（バニーガール）,ヒナ（水着）,ミチル（ドレス）,ウタハ
BlueArchive 2026-08-29 081835_1.png,チェリノ,エイミ,キリノ,ツバキ,アツコ（水着）,ヒビキ,エイミ,ハスミ（水着）,ネル（バニーガール）,ヒナ（水着）,ミチル（ドレス）,ウタハ
BlueArchive 2026-08-29 081838_1.png,ハスミ（水着）,エイミ,ユウカ,イオリ（水着）,アツコ（水着）,ミチル（ドレス）,シュン,ホシノ,エイミ,シロコ＊テラー,ミチル（ドレス）,ウタハ
BlueArchive 2026-08-29 081840_1.png,エイミ,ツルギ,アツコ,シロコ＊テラー,アツコ（水着）,ミチル（ドレス）,エイミ,ハスミ（水着）,マリナ,イオリ（水着）,レイサ（マジカル）,ミチル（ドレス）
BlueArchive 2026-08-29 081842_1.png,アツコ,エイミ,シュン,ツバキ,アツコ（水着）,ミチル（ドレス）,エイミ,ハスミ（水着）,マリナ,イオリ（水着）,レイサ（マジカル）,ミチル（ドレス）
BlueArchive 2026-08-29 081844_1.png,ツバキ,エイミ,シュン,アツコ,イロハ,ミチル（ドレス）,エイミ,ハスミ（水着）,マリナ,イオリ（水着）,レイサ（マジカル）,ミチル（ドレス）
BlueArchive 2026-08-29 081846_1.png,ハスミ（水着）,ユウカ,エイミ,イオリ（水着）,アツコ（水着）,ミチル（ドレス）,シロコ＊テラー,マリナ,ユウカ,イオリ（水着）,レイサ（マジカル）,ウタハ
BlueArchive 2026-08-29 081850_1.png,マリナ（チーパオ）,ユウカ,エイミ,イオリ（水着）,アツコ（水着）,ミチル（ドレス）,ネル（バニーガール）,シュン,マリナ,イオリ（水着）,レイサ（マジカル）,ウタハ
BlueArchive 2026-08-29 081852_1.png,イオリ（水着）,ユウカ,マリナ（チーパオ）,エイミ,アツコ（水着）,ミチル（ドレス）,シュン,ミヤコ,ユウカ,ハルナ（正月）,ミチル（ドレス）,レイサ（マジカル）
BlueArchive 2026-08-29 081854_1.png,モモイ,ツルギ,ミドリ,ホシノ（水着）,ウタハ,ミチル（ドレス）,シュン,ミヤコ,ユウカ,ハルナ（正月）,ミチル（ドレス）,レイサ（マジカル）
BlueArchive 2026-08-29 081856_1.png,モモイ,ツルギ,ミドリ,アイリ（バンド）,ウタハ,ミチル（ドレス）,シュン,ミヤコ,ユウカ,ハルナ（正月）,ミチル（ドレス）,レイサ（マジカル）
BlueArchive 2026-08-29 081858_1.png,チェリノ,ツルギ,ユウカ,エイミ,ウタハ,アツコ（水着）,シュン,ミヤコ,ユウカ,ハルナ（正月）,ミチル（ドレス）,レイサ（マジカル）
BlueArchive 2026-08-29 081900_1.png,チェリノ,ツルギ,ユウカ,エイミ,ウタハ,アツコ（水着）,シュン,ミヤコ,ユウカ,ハルナ（正月）,ミチル（ドレス）,レイサ（マジカル）
BlueArchive 2026-08-29 081901_1.png,マリナ（チーパオ）,ツルギ,メル,イオリ（水着）,ウタハ,ミチル（ドレス）,シュン,ミヤコ,ユウカ,ハルナ（正月）,ミチル（ドレス）,レイサ（マジカル）
BlueArchive 2026-08-29 081903_1.png,マリナ（チーパオ）,カノエ,メル,イオリ（水着）,ウタハ,ミチル（ドレス）,シュン,ミヤコ,ユウカ,ハルナ（正月）,ミチル（ドレス）,レイサ（マジカル）
BlueArchive 2026-08-29 081904_1.png,メル,カノエ,マリナ（チーパオ）,イオリ（水着）,ウタハ,ミチル（ドレス）,シュン,ミヤコ,ユウカ,ハルナ（正月）,ミチル（ドレス）,レイサ（マジカル）
BlueArchive 2026-08-29 081906_1.png,カノエ,ユウカ（体操服）,マリナ（チーパオ）,イオリ（水着）,ヤクモ,ミチル（ドレス）,シュン,ミヤコ,ユウカ,ハルナ（正月）,ミチル（ドレス）,レイサ（マジカル）
BlueArchive 2026-08-29 081908_1.png,カノエ,ユウカ（体操服）,マリナ（チーパオ）,イオリ（水着）,ヤクモ,ミチル（ドレス）,シュン,ミヤコ,ユウカ,ハルナ（正月）,ミチル（ドレス）,レイサ（マジカル）
BlueArchive 2026-08-29 081910_1.png,カズサ,ツルギ,ユウカ（体操服）,カズサ（バンド）,レイサ（マジカル）,ミチル（ドレス）,シュン,ミヤコ,ユウカ,ハルナ（正月）,ミチル（ドレス）,レイサ（マジカル）
BlueArchive 2026-08-29 081911_1.png,ユウカ（体操服）,ツルギ,カズサ,カズサ（バンド）,レイサ（マジカル）,ミチル（ドレス）,シュン,ミヤコ,ユウカ,ハルナ（正月）,ミチル（ドレス）,レイサ（マジカル）
BlueArchive 2026-08-29 081913_1.png,ユウカ（体操服）,ツルギ,カズサ,カズサ（バンド）,レイサ（マジカル）,ミチル（ドレス）,シュン,ミヤコ,ユウカ,ハルナ（正月）,ミチル（ドレス）,レイサ（マジカル）
BlueArchive 2026-08-29 081916_1.png,ユウカ（体操服）,ツルギ,御坂美琴,ヨシミ（バンド）,レイサ（マジカル）,ミチル（ドレス）,シュン,ミヤコ,ユウカ,ハルナ（正月）,ミチル（ドレス）,レイサ（マジカル）
BlueArchive 2026-08-29 081918_1.png,ユウカ（体操服）,ツルギ,マリナ（チーパオ）,イオリ（水着）,レイサ（マジカル）,ミチル（ドレス）,シュン,ミヤコ,ユウカ,ハルナ（正月）,ミチル（ドレス）,レイサ（マジカル）
BlueArchive 2026-08-29 081921_1.png,イオリ（水着）,ユウカ,マリナ（チーパオ）,エイミ,アツコ（水着）,ミチル（ドレス）,マリナ,イオリ（水着）,ネル（バニーガール）,シュン,レイサ（マジカル）,ウタハ
BlueArchive 2026-08-29 081922_1.png,マリナ（チーパオ）,ユウカ,イオリ（水着）,エイミ,アツコ（水着）,ミチル（ドレス）,ネル（バニーガール）,シロコ＊テラー,エイミ,イオリ（水着）,ウタハ,ミチル（ドレス）
BlueArchive 2026-08-29 081924_1.png,マリナ（チーパオ）,ユウカ,イオリ（水着）,エイミ,アツコ（水着）,ミチル（ドレス）,シロコ＊テラー,エイミ,シュン,ツバキ,ウタハ,ミチル（ドレス）
BlueArchive 2026-08-29 081929_1.png,ユウカ,エイミ,シロコ＊テラー,ハスミ（水着）,レイサ（マジカル）,ミチル（ドレス）,シロコ＊テラー,エイミ,チェリノ,ツバキ,レイサ（マジカル）,ウタハ
BlueArchive 2026-08-29 081930_1.png,カノエ,エイミ,シロコ＊テラー,シュン,レイサ（マジカル）,ミチル（ドレス）,シロコ＊テラー,エイミ,チェリノ,ツバキ,レイサ（マジカル）,ウタハ
BlueArchive 2026-08-29 081932_1.png,カノエ,エイミ,シロコ＊テラー,ホシノ（臨戦）,レイサ（マジカル）,ミチル（ドレス）,シロコ＊テラー,エイミ,チェリノ,ツバキ,レイサ（マジカル）,ウタハ
BlueArchive 2026-08-29 081934_1.png,カノエ,エイミ,シロコ＊テラー,ホシノ（臨戦）,レイサ（マジカル）,ミチル（ドレス）,シロコ＊テラー,エイミ,チェリノ,ツバキ,レイサ（マジカル）,ウタハ
BlueArchive 2026-08-29 081936_1.png,カノエ,エイミ,シロコ＊テラー,ホシノ（臨戦）,レイサ（マジカル）,ミチル（ドレス）,シロコ＊テラー,エイミ,チェリノ,ツバキ,レイサ（マジカル）,ウタハ
BlueArchive 2026-08-29 081937_1.png,カノエ,エイミ,シロコ＊テラー,ホシノ（臨戦）,レイサ（マジカル）,ミチル（ドレス）,シロコ＊テラー,エイミ,チェリノ,ツバキ,レイサ（マジカル）,ウタハ
BlueArchive 2026-08-29 081941_1.png,ハスミ（水着）,ユウカ,エイミ,イオリ（水着）,アツコ（水着）,ミチル（ドレス）,シロコ＊テラー,マリナ,ユウカ,ホシノ（臨戦）,レイサ（マジカル）,ウタハ
BlueArchive 2026-08-29 081942_1.png,イオリ（水着）,ユウカ,エイミ,ハスミ（水着）,アツコ（水着）,ミチル（ドレス）,マリナ,シロコ＊テラー,ユウカ,イオリ（水着）,ミチル（ドレス）,ウタハ
BlueArchive 2026-08-29 081944_1.png,イオリ（水着）,ユウカ,エイミ,ハスミ（水着）,アツコ（水着）,ミチル（ドレス）,エイミ,ヒナ（水着）,シュン,カノエ,レイサ（マジカル）,ミチル（ドレス）
BlueArchive 2026-08-29 081946_1.png,カノエ,ツルギ,ユウカ,イオリ（水着）,アツコ（水着）,ミチル（ドレス）,エイミ,チェリノ,ユウカ,イオリ（水着）,ミチル（ドレス）,ヤクモ
BlueArchive 2026-08-29 081948_1.png,カノエ,ツルギ,ユウカ,イオリ（水着）,アツコ（水着）,ミチル（ドレス）,シロコ＊テラー,ツバキ,エイミ,ハスミ（水着）,ミチル（ドレス）,ヤクモ
BlueArchive 2026-08-29 081950_1.png,イオリ（水着）,カノエ,ユウカ,ツルギ,アツコ（水着）,ミチル（ドレス）,エイミ,ホシノ（臨戦）,ユウカ,シロコ＊テラー,ミチル（ドレス）,ヤクモ
BlueArchive 2026-08-29 081953_1.png,ツルギ,カノエ,ツバキ,シュン,アツコ（水着）,ミチル（ドレス）,エイミ,ツバキ,イオリ（水着）,シュン,レイサ（マジカル）,ミチル（ドレス）
BlueArchive 2026-08-29 081955_1.png,ツルギ,カノエ,ツバキ,シュン,アツコ（水着）,ミチル（ドレス）,エイミ,ホシノ（臨戦）,ツバキ,シュン,レイサ（マジカル）,ミチル（ドレス）
BlueArchive 2026-08-29 081958_1.png,ハスミ（水着）,エイミ,ユウカ,イオリ（水着）,アツコ（水着）,ミチル（ドレス）,ホシノ,イオリ（水着）,エイミ,ハスミ（水着）,ミチル（ドレス）,レイサ（マジカル）
BlueArchive 2026-08-29 082001_1.png,ハスミ（水着）,ユウカ,エイミ,イオリ（水着）,アツコ（水着）,ミチル（ドレス）,ホシノ,イオリ（水着）,エイミ,ハスミ（水着）,ミチル（ドレス）,レイサ（マジカル）
BlueArchive 2026-08-29 082002_1.png,ハスミ（水着）,ユウカ,エイミ,イオリ（水着）,アツコ（水着）,ミチル（ドレス）,シロコ＊テラー,ホシノ,エイミ,ホシノ（臨戦）,ウタハ,レイサ（マジカル）
BlueArchive 2026-08-29 082004_1.png,イオリ（水着）,ユウカ,エイミ,ハスミ（水着）,アツコ（水着）,ミチル（ドレス）,ユウカ,チェリノ,シロコ＊テラー,エイミ,レイサ（マジカル）,ミチル（ドレス）
BlueArchive 2026-08-29 082006_1.png,ハスミ（水着）,ユウカ,エイミ,イオリ（水着）,アツコ（水着）,ミチル（ドレス）,シロコ＊テラー,マリナ,ユウカ,イオリ（水着）,レイサ（マジカル）,ウタハ
BlueArchive 2026-08-29 082018_1.png,ハルカ（ドレス）,ユウカ,エイミ,ハスミ（水着）,アツコ（水着）,ミチル（ドレス）,エイミ,チェリノ,シュン,ユウカ,ウタハ,ミチル（ドレス）
BlueArchive 2026-08-29 082021_1.png,ハスミ（水着）,ユウカ,マリナ（チーパオ）,アツコ,アツコ（水着）,ミチル（ドレス）,シロコ＊テラー,マリナ,ユウカ,イオリ（水着）,レイサ（マジカル）,ウタハ
BlueArchive 2026-08-29 082023_1.png,マリナ（チーパオ）,ツルギ,ユウカ,イオリ（水着）,アツコ（水着）,ミチル（ドレス）,ネル（バニーガール）,シロコ＊テラー,エイミ,イオリ（水着）,レイサ（マジカル）,ミチル（ドレス）
BlueArchive 2026-08-29 082025_1.png,カノエ,ツルギ,アツコ,アリス（メイド）,アツコ（水着）,ミチル（ドレス）,エイミ,ツバキ,チェリノ,ユズ,ミチル（ドレス）,ヤクモ
BlueArchive 2026-08-29 082027_1.png,マリナ（チーパオ）,ツルギ,アツコ,イオリ（水着）,アツコ（水着）,ミチル（ドレス）,ネル（バニーガール）,シロコ＊テラー,エイミ,イオリ（水着）,レイサ（マジカル）,ミチル（ドレス）
BlueArchive 2026-08-29 082030_1.png,アリス,エイミ,アツコ,クルミ,アツコ（水着）,ミチル（ドレス）,エイミ,イオリ（水着）,イオリ,ユウカ,ミチル（ドレス）,ヤクモ
BlueArchive 2026-08-29 082033_1.png,マリナ,エイミ,ツバキ,ハスミ（水着）,アツコ（水着）,ミチル（ドレス）,エイミ,イオリ（水着）,イオリ,ユウカ,ミチル（ドレス）,ヤクモ
BlueArchive 2026-08-29 082035_1.png,エイミ,ツバキ,シュン,ハスミ（水着）,アツコ（水着）,ミチル（ドレス）,エイミ,イオリ（水着）,イオリ,ユウカ,ミチル（ドレス）,ヤクモ
BlueArchive 2026-08-29 082036_1.png,エイミ,ツバキ,シュン,ハスミ（水着）,アツコ（水着）,ミチル（ドレス）,エイミ,イオリ（水着）,イオリ,ユウカ,ミチル（ドレス）,ヤクモ
BlueArchive 2026-08-29 082038_1.png,エイミ,ツバキ,シュン,ハスミ（水着）,アツコ（水着）,ミチル（ドレス）,エイミ,イオリ（水着）,イオリ,ユウカ,ミチル（ドレス）,ヤクモ
BlueArchive 2026-08-29 082040_1.png,カノエ,ツルギ,アツコ,アリス（メイド）,アツコ（水着）,ミチル（ドレス）,エイミ,ツバキ,チェリノ,ユズ,ミチル（ドレス）,ヤクモ
BlueArchive 2026-08-29 082042_1.png,マリナ（チーパオ）,ツルギ,アツコ,イオリ（水着）,アツコ（水着）,ミチル（ドレス）,ネル（バニーガール）,シロコ＊テラー,エイミ,イオリ（水着）,レイサ（マジカル）,ミチル（ドレス）
BlueArchive 2026-08-29 082046_1.png,ハスミ（水着）,エイミ,ユウカ,イオリ（水着）,アツコ（水着）,ミチル（ドレス）,ホシノ,イオリ（水着）,エイミ,ハスミ（水着）,ミチル（ドレス）,レイサ（マジカル）
BlueArchive 2026-08-29 082048_1.png,マリナ（チーパオ）,ツルギ,エイミ,ミカ（水着）,アツコ（水着）,ミチル（ドレス）,ユウカ,チェリノ,エイミ,ネル（制服）,ヒビキ,レイサ（マジカル）
BlueArchive 2026-08-29 082051_1.png,マリナ（チーパオ）,ツルギ,エイミ,ミカ（水着）,アツコ（水着）,ミチル（ドレス）,ユウカ,チェリノ,エイミ,ネル（制服）,ヒビキ,レイサ（マジカル）
BlueArchive 2026-08-29 082053_1.png,マリナ（チーパオ）,ツルギ,エイミ,ミカ（水着）,アツコ（水着）,ミチル（ドレス）,ユウカ,チェリノ,エイミ,ネル（制服）,ヒビキ,レイサ（マジカル）
BlueArchive 2026-08-29 082055_1.png,マリナ（チーパオ）,ツルギ,エイミ,ミカ（水着）,アツコ（水着）,ミチル（ドレス）,ユウカ,チェリノ,エイミ,ネル（制服）,ヒビキ,レイサ（マジカル）
BlueArchive 2026-08-29 082101_1.png,マリナ（チーパオ）,ツルギ,エイミ,ミカ（水着）,アツコ（水着）,ミチル（ドレス）,ユウカ,ユズ,カノエ,シュン,ヒビキ,ミチル（ドレス）
BlueArchive 2026-08-29 082112_1.png,イオリ（水着）,イオリ,エイミ,カノエ,ヤクモ,ミチル（ドレス）,エイミ,ハナコ（水着）,シュン,カノエ,ウタハ,ミチル（ドレス）
BlueArchive 2026-08-29 082113_1.png,イオリ（水着）,イオリ,エイミ,カノエ,ヤクモ,ミチル（ドレス）,エイミ,ハナコ（水着）,シュン,カノエ,ウタハ,ミチル（ドレス）
BlueArchive 2026-08-29 082115_1.png,イオリ（水着）,ネル（バニーガール）,エイミ,カノエ,ヤクモ,ミチル（ドレス）,エイミ,ハナコ（水着）,シュン,カノエ,ウタハ,ミチル（ドレス）
BlueArchive 2026-08-29 082118_1.png,イオリ（水着）,キララ,エイミ,カノエ,ウタハ,ミチル（ドレス）,エイミ,ハナコ（水着）,シュン,カノエ,ウタハ,ミチル（ドレス）
BlueArchive 2026-08-29 082122_1.png,イオリ（水着）,ユウカ,エイミ,ハスミ（水着）,レイサ（マジカル）,ミチル（ドレス）,エイミ,チェリノ,ユウカ,シロコ＊テラー,レイサ（マジカル）,ミチル（ドレス）
BlueArchive 2026-08-29 082124_1.png,イオリ（水着）,マキ,カノエ,ユウカ,アツコ（水着）,ミチル（ドレス）,ホシノ,シュン,ハナコ（水着）,エイミ,ミチル（ドレス）,レイサ（マジカル）
BlueArchive 2026-08-29 082125_1.png,マリナ（チーパオ）,ツルギ,エイミ,ミカ（水着）,アツコ（水着）,ミチル（ドレス）,ユウカ,ツバキ,シュン,ハナコ（水着）,ミチル（ドレス）,ヤクモ
BlueArchive 2026-08-29 082128_1.png,シロコ＊テラー,ツルギ,エイミ,イオリ（水着）,アツコ（水着）,ミチル（ドレス）,シロコ＊テラー,ツバキ,エイミ,ハスミ（水着）,ミチル（ドレス）,ヤクモ
BlueArchive 2026-08-29 082131_1.png,イオリ（水着）,ユウカ,エイミ,イオリ,ヤクモ,ミチル（ドレス）,エイミ,イオリ（水着）,ホシノ,シロコ＊テラー,レイサ（マジカル）,ミチル（ドレス）
BlueArchive 2026-08-29 082132_1.png,イオリ（水着）,ユウカ,エイミ,イオリ,ヤクモ,ミチル（ドレス）,シロコ＊テラー,エイミ,ユウカ,イオリ（水着）,レイサ（マジカル）,ウタハ
BlueArchive 2026-08-29 082135_1.png,アル,エイミ,ツルギ,ツバキ,ウタハ,アツコ（水着）,シロコ＊テラー,エイミ,ユウカ,イオリ（水着）,レイサ（マジカル）,ウタハ
BlueArchive 2026-08-29 082137_1.png,ユウカ,エイミ,アツコ,ツバキ,イロハ,アツコ（水着）,シロコ＊テラー,エイミ,ユウカ,イオリ（水着）,レイサ（マジカル）,ウタハ
BlueArchive 2026-08-29 082138_1.png,ユウカ,エイミ,アツコ,ツバキ,イロハ,アツコ（水着）,シロコ＊テラー,エイミ,ユウカ,イオリ（水着）,レイサ（マジカル）,ウタハ
BlueArchive 2026-08-29 082141_1.png,ユウカ,エイミ,アツコ,ツバキ,イロハ,アツコ（水着）,シロコ＊テラー,エイミ,ユウカ,イオリ（水着）,レイサ（マジカル）,ウタハ
BlueArchive 2026-08-29 082144_1.png,ユウカ,エイミ,アツコ,ツバキ,イロハ,アツコ（水着）,シロコ＊テラー,エイミ,ユウカ,イオリ（水着）,レイサ（マジカル）,ウタハ
BlueArchive 2026-08-29 082147_1.png,ユウカ,エイミ,イオリ,ツバキ,イロハ,アツコ（水着）,シロコ＊テラー,エイミ,ユウカ,イオリ（水着）,レイサ（マジカル）,ウタハ
BlueArchive 2026-08-29 082149_1.png,ユウカ,エイミ,イオリ,ツバキ,イロハ,アツコ（水着）,シロコ＊テラー,エイミ,ユウカ,イオリ（水着）,レイサ（マジカル）,ウタハ
BlueArchive 2026-08-29 082151_1.png,ホシノ（臨戦）,ユウカ,アツコ,ツバキ,ウタハ,アツコ（水着）,シロコ＊テラー,エイミ,ユウカ,イオリ（水着）,レイサ（マジカル）,ウタハ
BlueArchive 2026-08-29 082152_1.png,ユウカ,ホシノ（臨戦）,アツコ,ツバキ,ウタハ,アツコ（水着）,シロコ＊テラー,エイミ,ユウカ,イオリ（水着）,レイサ（マジカル）,ウタハ
BlueArchive 2026-08-29 082154_1.png,ユウカ,ヨシミ（バンド）,アツコ,ツバキ,ウタハ,アツコ（水着）,シロコ＊テラー,エイミ,ユウカ,イオリ（水着）,レイサ（マジカル）,ウタハ
BlueArchive 2026-08-29 082156_1.png,ユウカ,オトギ,アツコ,ツバキ,ウタハ,アツコ（水着）,シロコ＊テラー,エイミ,ユウカ,イオリ（水着）,レイサ（マジカル）,ウタハ
BlueArchive 2026-08-29 082157_1.png,ハスミ（体操服）,ユウカ,ツバキ,ワカモ（水着）,ウタハ,アツコ（水着）,シロコ＊テラー,エイミ,ユウカ,イオリ（水着）,レイサ（マジカル）,ウタハ
BlueArchive 2026-08-29 082200_1.png,アル,ユウカ,イオリ,ツバキ,ウタハ,アツコ（水着）,シロコ＊テラー,エイミ,ユウカ,イオリ（水着）,レイサ（マジカル）,ウタハ
BlueArchive 2026-08-29 082201_1.png,アル,ユウカ,イオリ,ツバキ,ウタハ,セリナ,シロコ＊テラー,エイミ,ユウカ,イオリ（水着）,レイサ（マジカル）,ウタハ
BlueArchive 2026-08-29 082202_1.png,アル,ユウカ,イオリ,ツバキ,ウタハ,セリナ,シロコ＊テラー,エイミ,ユウカ,イオリ（水着）,レイサ（マジカル）,ウタハ
BlueArchive 2026-08-29 082204_1.png,アル,ユウカ,イオリ,ツバキ,ウタハ,セリナ,シロコ＊テラー,エイミ,ユウカ,イオリ（水着）,レイサ（マジカル）,ウタハ
BlueArchive 2026-08-29 082207_1.png,メグ,ツルギ,ツバキ,イオリ（水着）,アツコ（水着）,ミチル（ドレス）,エイミ,アル,ツバキ,ミドリ,ミチル（ドレス）,ヤクモ
BlueArchive 2026-08-29 082208_1.png,メグ,ツルギ,ツバキ,イオリ（水着）,アツコ（水着）,ミチル（ドレス）,エイミ,ハナコ（水着）,ホシノ,ハスミ（水着）,ヒビキ,ミチル（ドレス）
BlueArchive 2026-08-29 082213_1.png,アル,ツルギ,ユウカ,イオリ（水着）,アツコ（水着）,ミチル（ドレス）,エイミ,シロコ＊テラー,ホシノ,ハスミ（水着）,ウタハ,ミチル（ドレス）
BlueArchive 2026-08-29 082214_1.png,アル,ツルギ,ユウカ,イオリ（水着）,ウタハ,ミチル（ドレス）,シロコ＊テラー,マリナ,ユウカ,イオリ（水着）,レイサ（マジカル）,ウタハ
BlueArchive 2026-08-29 082216_1.png,イオリ,ツルギ,ユウカ,イオリ（水着）,ウタハ,ミチル（ドレス）,ホシノ,シュン,ハナコ（水着）,エイミ,ミチル（ドレス）,レイサ（マジカル）
BlueArchive 2026-08-29 082219_1.png,トキ,ツルギ,ツバキ,シロコ＊テラー,ウタハ,ミチル（ドレス）,エイミ,シュン,ミドリ,ツバキ,ウタハ,ミチル（ドレス）
BlueArchive 2026-08-29 082222_1.png,マリナ（チーパオ）,ツルギ,ユウカ,ハスミ（水着）,アツコ（水着）,ミチル（ドレス）,シロコ＊テラー,ホシノ,エイミ,ハナコ（水着）,ミチル（ドレス）,レイサ（マジカル）
BlueArchive 2026-08-29 082224_1.png,ホシノ（臨戦）,クルミ,シロコ＊テラー,ツバキ,ウタハ,ミチル（ドレス）,シロコ＊テラー,エイミ,シュン,ツバキ,ウタハ,ミチル（ドレス）
BlueArchive 2026-08-29 082227_1.png,ハスミ（水着）,エイミ,カノエ,シロコ＊テラー,ヤクモ,ミチル（ドレス）,エイミ,ハナコ（水着）,シュン,カノエ,ミチル（ドレス）,レイサ（マジカル）
BlueArchive 2026-08-29 082228_1.png,ヒナ（ドレス）,ミヤコ,カノエ,イオリ,アツコ（水着）,ミチル（ドレス）,エイミ,ハナコ（水着）,シュン,カノエ,ミチル（ドレス）,レイサ（マジカル）
BlueArchive 2026-08-29 082230_1.png,ヒナ（ドレス）,ミヤコ（水着）,カノエ,イオリ,アツコ（水着）,ミチル（ドレス）,エイミ,ハナコ（水着）,シュン,カノエ,ミチル（ドレス）,レイサ（マジカル）
BlueArchive 2026-08-29 082232_1.png,ヒナ（ドレス）,ミヤコ,カノエ,イオリ,アツコ（水着）,ミチル（ドレス）,エイミ,ハナコ（水着）,シュン,カノエ,ミチル（ドレス）,レイサ（マジカル）
BlueArchive 2026-08-29 082234_1.png,ヒナ（ドレス）,ミヤコ,カノエ,イオリ,アツコ（水着）,ミチル（ドレス）,エイミ,ハナコ（水着）,シュン,カノエ,ミチル（ドレス）,レイサ（マジカル）
BlueArchive 2026-08-29 082236_1.png,アル,ツルギ,ユウカ,イオリ（水着）,ウタハ,ミチル（ドレス）,シロコ＊テラー,マリナ,ユウカ,イオリ（水着）,レイサ（マジカル）,ウタハ
BlueArchive 2026-08-29 082238_1.png,アル,ツルギ,ユウカ,イオリ（水着）,ウタハ,ミチル（ドレス）,シロコ＊テラー,ホシノ,マリナ,イオリ（水着）,ミチル（ドレス）,ヤクモ
BlueArchive 2026-08-29 082240_1.png,アル,ユウカ,イオリ,ツバキ,ウタハ,ミチル（ドレス）,シロコ＊テラー,エイミ,ツバキ,イオリ（水着）,レイサ（マジカル）,ミチル（ドレス）
BlueArchive 2026-08-29 082241_1.png,ホシノ（臨戦）,ユウカ,シロコ＊テラー,ツバキ,ウタハ,ミチル（ドレス）,シロコ＊テラー,エイミ,シュン,ツバキ,ミチル（ドレス）,ウタハ
BlueArchive 2026-08-29 082244_1.png,マリナ（チーパオ）,ユウカ,シロコ＊テラー,ツバキ,アツコ（水着）,ミチル（ドレス）,ユウカ,ヒナ（ドレス）,ハナコ（水着）,ホシノ,ミチル（ドレス）,レイサ（マジカル）
BlueArchive 2026-08-29 082245_1.png,マリナ（チーパオ）,ユウカ,シロコ＊テラー,ツバキ,アツコ（水着）,ミチル（ドレス）,ユウカ,チェリノ,シロコ＊テラー,エイミ,ミチル（ドレス）,レイサ（マジカル）
BlueArchive 2026-08-29 082247_1.png,ホシノ（臨戦）,ユウカ,シロコ＊テラー,ツバキ,ウタハ,ミチル（ドレス）,シロコ＊テラー,エイミ,シュン,ツバキ,ミチル（ドレス）,ウタハ
BlueArchive 2026-08-29 082251_1.png,ホシノ（臨戦）,ユウカ,シロコ＊テラー,ツバキ,ウタハ,ミチル（ドレス）,シロコ＊テラー,エイミ,ツバキ,コハル（水着）,ウタハ,ミチル（ドレス）
BlueArchive 2026-08-29 082254_1.png,ハスミ（水着）,ツルギ,クルミ,シロコ＊テラー,アツコ（水着）,ミチル（ドレス）,ユウカ,ハスミ（水着）,ツバキ,ハルナ（正月）,シロコ（水着）,ウタハ
BlueArchive 2026-08-29 082255_1.png,エイミ,ツルギ,クルミ,シロコ＊テラー,アツコ（水着）,ミチル（ドレス）,ユウカ,ハスミ（水着）,ツバキ,ハルナ（正月）,シロコ（水着）,ウタハ
BlueArchive 2026-08-29 082257_1.png,エイミ,ツルギ,クルミ,シロコ＊テラー,アツコ（水着）,ミチル（ドレス）,ユウカ,ハスミ（水着）,ツバキ,ハルナ（正月）,シロコ（水着）,ウタハ
BlueArchive 2026-08-29 082259_1.png,エイミ,ツルギ,クルミ,シロコ＊テラー,アツコ（水着）,ミチル（ドレス）,ユウカ,ハスミ（水着）,ツバキ,ハルナ（正月）,シロコ（水着）,ウタハ
BlueArchive 2026-08-29 082300_1.png,エイミ,ツルギ,クルミ,シロコ＊テラー,アツコ（水着）,ミチル（ドレス）,ユウカ,ハスミ（水着）,ツバキ,ハルナ（正月）,シロコ（水着）,ウタハ
BlueArchive 2026-08-29 082302_1.png,チェリノ,ツルギ,クルミ,シロコ＊テラー,アツコ（水着）,ミチル（ドレス）,ユウカ,ハスミ（水着）,ツバキ,ハルナ（正月）,シロコ（水着）,ウタハ
BlueArchive 2026-08-29 082304_1.png,チェリノ,ツルギ,クルミ,シロコ＊テラー,アツコ（水着）,ミチル（ドレス）,ユウカ,ハスミ（水着）,ツバキ,ハルナ（正月）,シロコ（水着）,ウタハ
BlueArchive 2026-08-29 082306_1.png,チェリノ,ツルギ,クルミ,シロコ＊テラー,アツコ（水着）,ミチル（ドレス）,ユウカ,ハスミ（水着）,ツバキ,ハルナ（正月）,シロコ（水着）,ウタハ
BlueArchive 2026-08-29 082309_1.png,ホシノ（臨戦）,ツルギ,ユウカ,ハスミ（水着）,レイサ（マジカル）,ミチル（ドレス）,シロコ＊テラー,ホシノ,エイミ,ハナコ（水着）,ミチル（ドレス）,レイサ（マジカル）
BlueArchive 2026-08-29 082310_1.png,ハナコ（水着）,ツバキ,ユウカ,ハスミ（水着）,レイサ（マジカル）,ミチル（ドレス）,ユウカ,ヒナ（ドレス）,ハナコ（水着）,ホシノ,ミチル（ドレス）,レイサ（マジカル）
BlueArchive 2026-08-29 082312_1.png,ホシノ（臨戦）,ユウカ,シロコ＊テラー,ツバキ,ウタハ,ミチル（ドレス）,シロコ＊テラー,エイミ,ツバキ,ホシノ（臨戦）,ミチル（ドレス）,ウタハ
BlueArchive 2026-08-29 082314_1.png,ホシノ（臨戦）,ユウカ,シロコ＊テラー,エイミ,ウタハ,ミチル（ドレス）,エイミ,ハナコ（水着）,シュン,カノエ,ウタハ,ミチル（ドレス）
BlueArchive 2026-08-29 082316_1.png,チェリノ,ユウカ,エイミ,ミカ,アツコ（水着）,ミチル（ドレス）,エイミ,ハナコ（水着）,シュン,カノエ,ウタハ,ミチル（ドレス）
BlueArchive 2026-08-29 082318_1.png,チェリノ,ユウカ,ミカ,シュン,アツコ（水着）,ミチル（ドレス）,エイミ,ハナコ（水着）,シュン,カノエ,ウタハ,ミチル（ドレス）
BlueArchive 2026-08-29 082320_1.png,チェリノ,ユウカ,ミカ,イオリ（水着）,アツコ（水着）,ミチル（ドレス）,エイミ,ハナコ（水着）,シュン,カノエ,ウタハ,ミチル（ドレス）
BlueArchive 2026-08-29 082322_1.png,チェリノ,ユウカ,ミカ,イオリ（水着）,アツコ（水着）,ミチル（ドレス）,エイミ,ハナコ（水着）,シュン,カノエ,ウタハ,ミチル（ドレス）
BlueArchive 2026-08-29 082324_1.png,チェリノ,ユウカ,ミカ,イオリ（水着）,アツコ（水着）,ミチル（ドレス）,エイミ,ハナコ（水着）,シュン,カノエ,ウタハ,ミチル（ドレス）
BlueArchive 2026-08-29 082325_1.png,チェリノ,ユウカ,ミカ,イオリ（水着）,アツコ（水着）,ミチル（ドレス）,エイミ,ハナコ（水着）,シュン,カノエ,ウタハ,ミチル（ドレス）
BlueArchive 2026-08-29 082329_1.png,エイミ,ツルギ,アツコ,アリス（メイド）,アツコ（水着）,ミチル（ドレス）,エイミ,イオリ,ツバキ,ユズ,ミチル（ドレス）,ヤクモ
BlueArchive 2026-08-29 082331_1.png,イオリ（水着）,エイミ,シロコ＊テラー,チェリノ,アツコ（水着）,ミチル（ドレス）,エイミ,シュン,ハスミ（水着）,ツバキ,レイサ（マジカル）,シロコ（水着）
BlueArchive 2026-08-29 082333_1.png,イオリ（水着）,チェリノ,エイミ,シロコ＊テラー,アツコ（水着）,ミチル（ドレス）,エイミ,シュン,ハスミ（水着）,ツバキ,レイサ（マジカル）,シロコ（水着）
BlueArchive 2026-08-29 082335_1.png,イオリ（水着）,ツルギ,アツコ,アリス（メイド）,アツコ（水着）,ミチル（ドレス）,エイミ,シュン,ツバキ,ユズ,ミチル（ドレス）,ヤクモ
BlueArchive 2026-08-29 082337_1.png,チェリノ,ユウカ（体操服）,ツバキ,アツコ,ムツキ（ドレス）,ミチル（ドレス）,エイミ,ヒナ（水着）,シュン,カノエ,ミチル（ドレス）,ヤクモ
BlueArchive 2026-08-29 082339_1.png,アツコ,ユウカ（体操服）,ツバキ,ツルギ,イロハ,ミチル（ドレス）,エイミ,ヒナ（水着）,シュン,カノエ,ミチル（ドレス）,ヤクモ
BlueArchive 2026-08-29 082340_1.png,アツコ,ユウカ（体操服）,ツバキ,クルミ,カリン,ムツキ（ドレス）,エイミ,ヒナ（水着）,シュン,カノエ,ミチル（ドレス）,ヤクモ
BlueArchive 2026-08-29 082342_1.png,アツコ,ユウカ（体操服）,ツバキ,マリー（体操服）,アヤネ（水着）,ムツキ（ドレス）,エイミ,ヒナ（水着）,シュン,カノエ,ミチル（ドレス）,ヤクモ
BlueArchive 2026-08-29 082344_1.png,アツコ,ユウカ（体操服）,ツバキ,マリー（体操服）,サキ,マコト,エイミ,ヒナ（水着）,シュン,カノエ,ミチル（ドレス）,ヤクモ
BlueArchive 2026-08-29 082345_1.png,アツコ,ユウカ（体操服）,ツバキ,マリー（体操服）,サヤ（私服）,セリカ（正月）,エイミ,ヒナ（水着）,シュン,カノエ,ミチル（ドレス）,ヤクモ
BlueArchive 2026-08-29 082346_1.png,アツコ,ユウカ（体操服）,ツバキ,マリー（体操服）,モエ,佐天涙子,エイミ,ヒナ（水着）,シュン,カノエ,ミチル（ドレス）,ヤクモ
BlueArchive 2026-08-29 082349_1.png,アツコ,ユウカ（体操服）,ツバキ,ホシノ（水着）,ヒフミ（水着）,アヤネ,エイミ,ヒナ（水着）,シュン,カノエ,ミチル（ドレス）,ヤクモ
BlueArchive 2026-08-29 082352_1.png,ホシノ（臨戦）,ユウカ（体操服）,ネル（バニーガール）,ユウカ,レイサ（マジカル）,ムツキ（ドレス）,エイミ,イオリ（水着）,シュン（水着）,ツバキ,ミチル（ドレス）,ヤクモ
BlueArchive 2026-08-29 082355_1.png,コハル（水着）,ツルギ,エイミ,ホシノ（臨戦）,ウタハ,ミチル（ドレス）,シロコ＊テラー,ネル（バニーガール）,エイミ,イオリ（水着）,レイサ（マジカル）,ウタハ
BlueArchive 2026-08-29 082359_1.png,ホシノ（臨戦）,ユウカ,ネル（バニーガール）,ホシノ,ムツキ（ドレス）,ミチル（ドレス）,エイミ,ハナコ（水着）,シュン,カノエ,レイサ（マジカル）,ミチル（ドレス）
BlueArchive 2026-08-29 082400_1.png,イオリ（水着）,ツルギ,キサキ（水着）,アリス,アツコ（水着）,ミチル（ドレス）,エイミ,シュン,ユウカ,ユズ,ミチル（ドレス）,レイサ（マジカル）
BlueArchive 2026-08-29 082403_1.png,ホシノ（臨戦）,ミヤコ（水着）,シュン,ヒナ（ドレス）,アツコ（水着）,ミチル（ドレス）,シロコ＊テラー,ツバキ,エイミ,ハスミ（水着）,ミチル（ドレス）,ヤクモ
BlueArchive 2026-08-29 082404_1.png,ホシノ（臨戦）,ミヤコ（水着）,シュン,ヒナ（ドレス）,アツコ（水着）,ミチル（ドレス）,シロコ＊テラー,ツバキ,エイミ,ハスミ（水着）,ミチル（ドレス）,ヤクモ
BlueArchive 2026-08-29 082407_1.png,ホシノ（臨戦）,ミヤコ（水着）,シュン,ヒナ（ドレス）,アツコ（水着）,ミチル（ドレス）,シロコ＊テラー,ツバキ,エイミ,ハスミ（水着）,ミチル（ドレス）,ヤクモ
BlueArchive 2026-08-29 082409_1.png,マリナ（チーパオ）,ミヤコ（水着）,アツコ,ハスミ（水着）,ウタハ,ミチル（ドレス）,ネル（バニーガール）,シロコ＊テラー,エイミ,イオリ（水着）,ミチル（ドレス）,ウタハ
BlueArchive 2026-08-29 082411_1.png,マリナ（チーパオ）,ミヤコ（水着）,ツバキ,ハスミ（水着）,ウタハ,ミチル（ドレス）,ネル（バニーガール）,シロコ＊テラー,エイミ,イオリ（水着）,ミチル（ドレス）,ウタハ
BlueArchive 2026-08-29 082413_1.png,マリナ（チーパオ）,ミヤコ（水着）,ツバキ,ハスミ（水着）,ウタハ,ミチル（ドレス）,ネル（バニーガール）,シロコ＊テラー,エイミ,イオリ（水着）,ミチル（ドレス）,ウタハ
BlueArchive 2026-08-29 082416_1.png,ミヤコ（水着）,ミヤコ,シュン,ヒナ（ドレス）,ヤクモ,ミチル（ドレス）,ツルギ,ミネ,レイサ,ハスミ（水着）,マシロ,レイサ（マジカル）
BlueArchive 2026-08-29 082419_1.png,ヒナ（ドレス）,シュン,ミヤコ（水着）,クルミ,ヤクモ,ミチル（ドレス）,エイミ,シュン,ホシノ,ユズ,ミチル（ドレス）,ヒビキ
BlueArchive 2026-08-29 082421_1.png,カノエ,エイミ,チェリノ,ホシノ（水着）,レイサ（マジカル）,ミチル（ドレス）,エイミ,シュン,ホシノ,ユズ,ミチル（ドレス）,ヒビキ
BlueArchive 2026-08-29 082423_1.png,カノエ,チェリノ,エイミ,ホシノ（水着）,レイサ（マジカル）,ミチル（ドレス）,エイミ,シュン,ホシノ,ユズ,ミチル（ドレス）,ヒビキ
BlueArchive 2026-08-29 082425_1.png,エイミ,マリナ（チーパオ）,ケイ,アツコ,アツコ（水着）,ミチル（ドレス）,ツバキ,ネル（バニーガール）,ホシノ,イオリ（水着）,ミチル（ドレス）,イロハ
BlueArchive 2026-08-29 082427_1.png,ヒナ（ドレス）,シュン,エイミ,ミヤコ（水着）,アツコ（水着）,ミチル（ドレス）,エイミ,ツルギ,ツバキ,ホシノ（臨戦）,ミチル（ドレス）,ヤクモ
BlueArchive 2026-08-29 082430_1.png,ミヤコ（水着）,エイミ,シュン,ヒナ（ドレス）,アツコ（水着）,ミチル（ドレス）,シロコ＊テラー,ホシノ,マリナ,イオリ（水着）,ミチル（ドレス）,ヤクモ
BlueArchive 2026-08-29 082433_1.png,シロコ＊テラー,ツバキ,エイミ,アル,アツコ（水着）,ミチル（ドレス）,エイミ,イオリ（水着）,ユウカ,ハスミ（水着）,ミチル（ドレス）,ヤクモ
BlueArchive 2026-08-29 082435_1.png,シロコ＊テラー,アツコ,エイミ,アル,アツコ（水着）,ミチル（ドレス）,エイミ,イオリ（水着）,ユウカ,ハスミ（水着）,ミチル（ドレス）,ヤクモ
BlueArchive 2026-08-29 082439_1.png,シロコ＊テラー,アツコ,エイミ,アル,アツコ（水着）,ミチル（ドレス）,エイミ,イオリ（水着）,ユウカ,ハスミ（水着）,ミチル（ドレス）,ヤクモ
BlueArchive 2026-08-29 082440_1.png,シロコ＊テラー,アツコ,エイミ,アル,アツコ（水着）,ミチル（ドレス）,エイミ,イオリ（水着）,ユウカ,ハスミ（水着）,ミチル（ドレス）,ヤクモ
BlueArchive 2026-08-29 082445_1.png,アツコ,ツバキ,エイミ,アル,ヤクモ,ミチル（ドレス）,エイミ,イオリ（水着）,ユウカ,ハスミ（水着）,ミチル（ドレス）,ヤクモ
BlueArchive 2026-08-29 082446_1.png,アツコ,ツバキ,エイミ,アル,ヤクモ,ミチル（ドレス）,エイミ,イオリ（水着）,ユウカ,ハスミ（水着）,ミチル（ドレス）,ヤクモ
BlueArchive 2026-08-29 082447_1.png,ツバキ,アツコ,シュン,ヒナ（ドレス）,アツコ（水着）,ミチル（ドレス）,エイミ,イオリ（水着）,ユウカ,ハスミ（水着）,ミチル（ドレス）,ヤクモ
BlueArchive 2026-08-29 082450_1.png,エイミ,アツコ,シュン,ケイ,アツコ（水着）,ミチル（ドレス）,エイミ,イオリ（水着）,ユウカ,ハスミ（水着）,ミチル（ドレス）,ヤクモ
BlueArchive 2026-08-29 082454_1.png,エイミ,アツコ,シュン,ケイ,アツコ（水着）,ミチル（ドレス）,エイミ,イオリ（水着）,ユウカ,ハスミ（水着）,ミチル（ドレス）,ヤクモ
BlueArchive 2026-08-29 082457_1.png,エイミ,アツコ,シュン,ケイ,アツコ（水着）,ミチル（ドレス）,エイミ,イオリ（水着）,ユウカ,ハスミ（水着）,ミチル（ドレス）,ヤクモ
BlueArchive 2026-08-29 082459_1.png,エイミ,アツコ,シュン,ケイ,マシロ,ミチル（ドレス）,エイミ,イオリ（水着）,ユウカ,ハスミ（水着）,ミチル（ドレス）,ヤクモ
BlueArchive 2026-08-29 082501_1.png,エイミ,アツコ,シュン,ケイ,フィーナ（ガイド）,ミチル（ドレス）,エイミ,イオリ（水着）,ユウカ,ハスミ（水着）,ミチル（ドレス）,ヤクモ
BlueArchive 2026-08-29 082504_1.png,マリナ（チーパオ）,ミヤコ（水着）,ツバキ,ハスミ（水着）,ウタハ,ミチル（ドレス）,ネル（バニーガール）,シロコ＊テラー,エイミ,イオリ（水着）,ミチル（ドレス）,ウタハ
BlueArchive 2026-08-29 082505_1.png,ホシノ（臨戦）,ツルギ,エイミ,イオリ（水着）,アツコ（水着）,ミチル（ドレス）,エイミ,シュン,ツバキ,ホシノ（臨戦）,ミチル（ドレス）,レイサ（マジカル）
BlueArchive 2026-08-29 082507_1.png,シュン,ツルギ,エイミ,ハスミ（水着）,アツコ（水着）,ミチル（ドレス）,エイミ,シュン,ツバキ,ホシノ（臨戦）,ミチル（ドレス）,レイサ（マジカル）
BlueArchive 2026-08-29 082510_1.png,ミヤコ（水着）,ツルギ,アズサ（水着）,ホシノ（臨戦）,サキ,ミチル（ドレス）,エイミ,ハナコ（水着）,ツバキ,イオリ（水着）,ミチル（ドレス）,ヤクモ
BlueArchive 2026-08-29 082511_1.png,ミヤコ（水着）,ツルギ,アズサ（水着）,ホシノ（臨戦）,サツキ,ミチル（ドレス）,エイミ,ハナコ（水着）,ツバキ,イオリ（水着）,ミチル（ドレス）,ヤクモ
BlueArchive 2026-08-29 082513_1.png,ミヤコ（水着）,ツルギ,アズサ（水着）,ホシノ（臨戦）,サツキ,ミチル（ドレス）,エイミ,ハナコ（水着）,ツバキ,イオリ（水着）,ミチル（ドレス）,ヤクモ
BlueArchive 2026-08-29 082515_1.png,ジュンコ,ツルギ,ツバキ,アリス（メイド）,サツキ,ミチル（ドレス）,エイミ,ハナコ（水着）,ツバキ,イオリ（水着）,ミチル（ドレス）,ヤクモ
BlueArchive 2026-08-29 082517_1.png,ジュンコ,ツルギ,ミヤコ（水着）,アリス（メイド）,マシロ（水着）,ミチル（ドレス）,エイミ,ハナコ（水着）,ツバキ,イオリ（水着）,ミチル（ドレス）,ヤクモ
BlueArchive 2026-08-29 082519_1.png,ミヤコ（水着）,ツルギ,アツコ,アリス（メイド）,フィーナ（ガイド）,ミチル（ドレス）,エイミ,ハナコ（水着）,ツバキ,イオリ（水着）,ミチル（ドレス）,ヤクモ
BlueArchive 2026-08-29 082520_1.png,レイサ,ツルギ,ミヤコ（水着）,アリス（メイド）,フィーナ（ガイド）,ミチル（ドレス）,エイミ,ハナコ（水着）,ツバキ,イオリ（水着）,ミチル（ドレス）,ヤクモ
BlueArchive 2026-08-29 082522_1.png,レイサ,ツルギ,ミヤコ（水着）,アリス（メイド）,フィーナ（ガイド）,ミチル（ドレス）,エイミ,ハナコ（水着）,ツバキ,イオリ（水着）,ミチル（ドレス）,ヤクモ
BlueArchive 2026-08-29 082524_1.png,ミヤコ,ツルギ,ミヤコ（水着）,アリス（メイド）,フィーナ（ガイド）,ミチル（ドレス）,エイミ,ハナコ（水着）,ツバキ,イオリ（水着）,ミチル（ドレス）,ヤクモ
BlueArchive 2026-08-29 082525_1.png,ミヤコ,ツルギ,ミヤコ（水着）,アリス（メイド）,フィーナ（ガイド）,ミチル（ドレス）,エイミ,ハナコ（水着）,ツバキ,イオリ（水着）,ミチル（ドレス）,ヤクモ
BlueArchive 2026-08-29 082528_1.png,ミヤコ（水着）,アツコ,シュン,ケイ,フィーナ（ガイド）,ミチル（ドレス）,エイミ,イオリ（水着）,ツバキ,ユズ,ミチル（ドレス）,ヤクモ
BlueArchive 2026-08-29 082530_1.png,カノエ,アツコ,シュン,ケイ,フィーナ（ガイド）,ミチル（ドレス）,エイミ,イオリ（水着）,ツバキ,ユズ,ミチル（ドレス）,ヤクモ
BlueArchive 2026-08-29 082533_1.png,アツコ,ホシノ（水着）,シュン,アリス,イロハ,ミチル（ドレス）,エイミ,イオリ（水着）,ツバキ,ユズ,ミチル（ドレス）,ヤクモ
BlueArchive 2026-08-29 082534_1.png,アツコ,ホシノ（水着）,シュン,アリス,イロハ,ミチル（ドレス）,エイミ,イオリ（水着）,ツバキ,ユズ,ミチル（ドレス）,ヤクモ
BlueArchive 2026-08-29 082535_1.png,アツコ,ホシノ（水着）,シュン,アリス,イロハ,ミチル（ドレス）,エイミ,イオリ（水着）,ツバキ,ユズ,ミチル（ドレス）,ヤクモ
BlueArchive 2026-08-29 082538_1.png,ツバキ,ホシノ（水着）,シュン,アリス,イロハ,ミチル（ドレス）,エイミ,イオリ（水着）,ツバキ,ユズ,ミチル（ドレス）,ヤクモ
BlueArchive 2026-08-29 082540_1.png,ホシノ（臨戦）,ツルギ,ミヤコ（水着）,イオリ（水着）,アツコ（水着）,ミチル（ドレス）,シロコ＊テラー,マリナ,ユウカ,イオリ（水着）,レイサ（マジカル）,ミチル（ドレス）
BlueArchive 2026-08-29 082542_1.png,ヒナ（ドレス）,シュン,ミヤコ（水着）,クルミ,アツコ（水着）,ミチル（ドレス）,エイミ,シロコ＊テラー,カノエ,シュン,ミチル（ドレス）,ヤクモ
BlueArchive 2026-08-29 082545_1.png,ツバキ,ホシノ（水着）,シュン,アリス,イロハ,ミチル（ドレス）,エイミ,シロコ＊テラー,ツバキ,イオリ（水着）,ミチル（ドレス）,ヤクモ
BlueArchive 2026-08-29 082546_1.png,ヒナ（ドレス）,シュン,ミヤコ（水着）,クルミ,アツコ（水着）,ミチル（ドレス）,エイミ,シロコ＊テラー,ツバキ,ハスミ（水着）,レイサ（マジカル）,ミチル（ドレス）
BlueArchive 2026-08-29 082549_1.png,ヒナ（ドレス）,シュン,ツバキ,ユウカ,ウタハ,ミチル（ドレス）,エイミ,イオリ（水着）,ツバキ,ホシノ（臨戦）,ミチル（ドレス）,ヤクモ
BlueArchive 2026-08-29 082551_1.png,ハスミ（水着）,エイミ,シュン,ツバキ,レイサ（マジカル）,ミチル（ドレス）,エイミ,イオリ（水着）,ツバキ,ホシノ（臨戦）,ミチル（ドレス）,ヤクモ
BlueArchive 2026-08-29 082553_1.png,ミヤコ（水着）,アツコ,ミヤコ,ユウカ,ムツキ（ドレス）,フィーナ（ガイド）,エイミ,イオリ（水着）,ツバキ,ホシノ（臨戦）,ミチル（ドレス）,ヤクモ
BlueArchive 2026-08-29 082554_1.png,ミヤコ（水着）,アツコ,ミヤコ,ユウカ,ムツキ（ドレス）,フィーナ（ガイド）,エイミ,イオリ（水着）,ツバキ,ホシノ（臨戦）,ミチル（ドレス）,ヤクモ
BlueArchive 2026-08-29 082556_1.png,ミヤコ（水着）,アツコ,ミヤコ,ユウカ,フィーナ（ガイド）,シロコ（水着）,エイミ,イオリ（水着）,ツバキ,ホシノ（臨戦）,ミチル（ドレス）,ヤクモ
BlueArchive 2026-08-29 082558_1.png,ユウカ（体操服）,ミヤコ（水着）,ミヤコ,ユウカ,レイサ（マジカル）,ムツキ（ドレス）,エイミ,イオリ（水着）,ツバキ,ホシノ（臨戦）,ミチル（ドレス）,ヤクモ
BlueArchive 2026-08-29 082559_1.png,ミヤコ（水着）,ツバキ,ミヤコ,ユウカ,レイサ（マジカル）,ムツキ（ドレス）,エイミ,イオリ（水着）,ツバキ,ホシノ（臨戦）,ミチル（ドレス）,ヤクモ
BlueArchive 2026-08-29 082601_1.png,ミヤコ（水着）,ユウカ（体操服）,ミヤコ,ユウカ,レイサ（マジカル）,ムツキ（ドレス）,エイミ,イオリ（水着）,ツバキ,ホシノ（臨戦）,ミチル（ドレス）,ヤクモ
BlueArchive 2026-08-29 082603_1.png,ミヤコ（水着）,ユウカ（体操服）,ミヤコ,ユウカ,レイサ（マジカル）,ムツキ（ドレス）,エイミ,イオリ（水着）,ツバキ,ホシノ（臨戦）,ミチル（ドレス）,ヤクモ
BlueArchive 2026-08-29 082604_1.png,ミヤコ（水着）,ユウカ（体操服）,ミヤコ,ユウカ,フィーナ（ガイド）,ムツキ（ドレス）,エイミ,イオリ（水着）,ツバキ,ホシノ（臨戦）,ミチル（ドレス）,ヤクモ
BlueArchive 2026-08-29 082607_1.png,ミヤコ,ユウカ（体操服）,ミヤコ（水着）,ユウカ,レイサ（マジカル）,ムツキ（ドレス）,エイミ,イオリ（水着）,ツバキ,ホシノ（臨戦）,ミチル（ドレス）,ヤクモ
BlueArchive 2026-08-29 082609_1.png,アツコ,ツルギ,ユウカ,ハスミ（水着）,アツコ（水着）,ミチル（ドレス）,エイミ,イオリ（水着）,ツバキ,ホシノ（臨戦）,ミチル（ドレス）,ヤクモ
BlueArchive 2026-08-29 082610_1.png,アツコ,ツルギ,ユウカ,ハスミ（水着）,アツコ（水着）,ミチル（ドレス）,エイミ,イオリ（水着）,ツバキ,ホシノ（臨戦）,ミチル（ドレス）,ヤクモ
BlueArchive 2026-08-29 082612_1.png,アツコ,ツルギ,ユウカ,ハスミ（水着）,アツコ（水着）,ミチル（ドレス）,エイミ,イオリ（水着）,ツバキ,ホシノ（臨戦）,ミチル（ドレス）,ヤクモ
BlueArchive 2026-08-29 082613_1.png,アツコ,ツルギ,ユウカ,ハスミ（水着）,アツコ（水着）,ミチル（ドレス）,エイミ,イオリ（水着）,ツバキ,ホシノ（臨戦）,ミチル（ドレス）,ヤクモ
BlueArchive 2026-08-29 082615_1.png,アツコ,ツルギ,ユウカ,ハスミ（水着）,アツコ（水着）,ミチル（ドレス）,エイミ,イオリ（水着）,ツバキ,ホシノ（臨戦）,ミチル（ドレス）,ヤクモ
BlueArchive 2026-08-29 082616_1.png,アツコ,ツルギ,ユウカ,ハスミ（水着）,アツコ（水着）,ミチル（ドレス）,エイミ,イオリ（水着）,ツバキ,ホシノ（臨戦）,ミチル（ドレス）,ヤクモ
BlueArchive 2026-08-29 082617_1.png,アツコ,ツルギ,ユウカ,ハスミ（水着）,アツコ（水着）,ミチル（ドレス）,エイミ,イオリ（水着）,ツバキ,ホシノ（臨戦）,ミチル（ドレス）,ヤクモ
BlueArchive 2026-08-29 082621_1.png,エイミ,ツルギ,アツコ,ハスミ（水着）,アツコ（水着）,ミチル（ドレス）,シロコ＊テラー,エイミ,ユウカ,イオリ（水着）,レイサ（マジカル）,ウタハ
BlueArchive 2026-08-29 082622_1.png,ホシノ,ミヤコ,ユウカ,ミヤコ（水着）,ムツキ（ドレス）,フィーナ（ガイド）,エイミ,ハナコ（水着）,ツバキ,シュン,ミチル（ドレス）,ヤクモ
BlueArchive 2026-08-29 082624_1.png,ユウカ（体操服）,ミヤコ,ユウカ,ミヤコ（水着）,ムツキ（ドレス）,フィーナ（ガイド）,エイミ,ハナコ（水着）,ツバキ,シュン,ミチル（ドレス）,ヤクモ
BlueArchive 2026-08-29 082626_1.png,ユウカ（体操服）,ミヤコ,ユウカ,ミヤコ（水着）,ムツキ（ドレス）,フィーナ（ガイド）,エイミ,ハナコ（水着）,ツバキ,シュン,ミチル（ドレス）,ヤクモ
BlueArchive 2026-08-29 082627_1.png,ユウカ（体操服）,ミヤコ,ユウカ,ミヤコ（水着）,ムツキ（ドレス）,フィーナ（ガイド）,エイミ,ハナコ（水着）,ツバキ,シュン,ミチル（ドレス）,ヤクモ
BlueArchive 2026-08-29 082631_1.png,ハスミ（水着）,ミヤコ（水着）,ユウカ,イオリ（水着）,アツコ（水着）,ミチル（ドレス）,ハナコ（水着）,エイミ,シュン,シロコ＊テラー,レイサ（マジカル）,ミチル（ドレス）
BlueArchive 2026-08-29 082632_1.png,イオリ（水着）,ミヤコ（水着）,エイミ,ハスミ（水着）,アツコ（水着）,ミチル（ドレス）,エイミ,チェリノ,ユウカ,シロコ＊テラー,ウタハ,レイサ（マジカル）
BlueArchive 2026-08-29 082636_1.png,ホシノ（臨戦）,ツルギ,ユウカ,ハスミ（水着）,アツコ（水着）,ミチル（ドレス）,シロコ＊テラー,エイミ,ツバキ,イオリ（水着）,レイサ（マジカル）,ミチル（ドレス）
BlueArchive 2026-08-29 082639_1.png,ホシノ（臨戦）,ツルギ,ユウカ,ハスミ（水着）,アツコ（水着）,ミチル（ドレス）,エイミ,シュン,カノエ,ハスミ（水着）,ミチル（ドレス）,ヤクモ
BlueArchive 2026-08-29 082643_1.png,ホシノ（臨戦）,ツルギ,アツコ,コハル（水着）,アツコ（水着）,ミチル（ドレス）,シロコ＊テラー,エイミ,ツバキ,イオリ（水着）,レイサ（マジカル）,ミチル（ドレス）
BlueArchive 2026-08-29 082645_1.png,ハスミ（水着）,エイミ,ツルギ,ツバキ,レイサ（マジカル）,ミチル（ドレス）,エイミ,ハナコ（水着）,シュン,ツバキ,ウタハ,ミチル（ドレス）
BlueArchive 2026-08-29 082648_1.png,ミヤコ（水着）,ツルギ,エイミ,ハスミ（水着）,ヤクモ,ミチル（ドレス）,シロコ＊テラー,ハスミ（水着）,エイミ,ホシノ（臨戦）,ミチル（ドレス）,ヤクモ
BlueArchive 2026-08-29 082651_1.png,マリナ（チーパオ）,ツルギ,エイミ,ハスミ（水着）,アツコ（水着）,ミチル（ドレス）,ネル（バニーガール）,シロコ＊テラー,エイミ,イオリ（水着）,ミチル（ドレス）,ウタハ
BlueArchive 2026-08-29 082656_1.png,シュン,ツルギ,ミヤコ（水着）,ホシノ（臨戦）,フィーナ（ガイド）,ミチル（ドレス）,エイミ,シュン,ホシノ,シロコ＊テラー,ミチル（ドレス）,イロハ
BlueArchive 2026-08-29 082658_1.png,イオリ（水着）,エイミ,ツルギ,シロコ＊テラー,アツコ（水着）,ミチル（ドレス）,エイミ,ハナコ（水着）,シュン,ツバキ,ウタハ,ミチル（ドレス）
BlueArchive 2026-08-29 082700_1.png,ヒナ（ドレス）,シュン,クルミ,ジュリ（アルバイト）,アツコ（水着）,ミチル（ドレス）,エイミ,ハナコ（水着）,シュン,ツバキ,ウタハ,ミチル（ドレス）
BlueArchive 2026-08-29 082702_1.png,ヒナ（ドレス）,シュン,クルミ,ジュリ（アルバイト）,アツコ（水着）,ミチル（ドレス）,エイミ,ハナコ（水着）,シュン,ツバキ,ウタハ,ミチル（ドレス）
BlueArchive 2026-08-29 082705_1.png,エイミ,ツルギ,クルミ,ハスミ（水着）,アツコ（水着）,ミチル（ドレス）,エイミ,ユズ,カノエ,ヒナ（水着）,ミチル（ドレス）,ヤクモ
BlueArchive 2026-08-29 082708_1.png,カノエ,ツルギ,エイミ,ハスミ（水着）,ウタハ,ミチル（ドレス）,エイミ,チェリノ,ツバキ,ホシノ（臨戦）,ミチル（ドレス）,ウタハ
BlueArchive 2026-08-29 082710_1.png,ユウカ,ツルギ,シロコ＊テラー,アツコ,アツコ（水着）,ミチル（ドレス）,シロコ＊テラー,エイミ,ツバキ,イオリ（水着）,レイサ（マジカル）,ミチル（ドレス）
BlueArchive 2026-08-29 082712_1.png,ヒナ（ドレス）,シュン,クルミ,エイミ,アツコ（水着）,ミチル（ドレス）,エイミ,ハナコ（水着）,シュン,カノエ,ウタハ,ミチル（ドレス）
BlueArchive 2026-08-29 082714_1.png,ユウカ,ツルギ,エイミ,イオリ（水着）,アツコ（水着）,ミチル（ドレス）,シロコ＊テラー,ユウカ,エイミ,ハスミ（水着）,ミチル（ドレス）,ヒビキ
BlueArchive 2026-08-29 082717_1.png,イオリ（水着）,エイミ,ツルギ,ユウカ,アツコ（水着）,ミチル（ドレス）,ミネ,ハスミ（水着）,レイサ,ツルギ,マシロ,レイサ（マジカル）
BlueArchive 2026-08-29 082721_1.png,カノエ,ツルギ,エイミ,ハスミ（水着）,アツコ（水着）,ミチル（ドレス）,エイミ,イオリ,マリナ,イオリ（水着）,ミチル（ドレス）,レイサ（マジカル）
BlueArchive 2026-08-29 082722_1.png,カノエ,ツルギ,エイミ,ハスミ（水着）,アツコ（水着）,ミチル（ドレス）,エイミ,シロコ＊テラー,チェリノ,ホシノ,ミチル（ドレス）,レイサ（マジカル）
BlueArchive 2026-08-29 082724_1.png,ミヤコ（水着）,ツルギ,エイミ,ハスミ（水着）,アツコ（水着）,ミチル（ドレス）,エイミ,ホシノ（臨戦）,ツバキ,ユズ,ミチル（ドレス）,ヤクモ
BlueArchive 2026-08-29 082727_1.png,ヒナ（ドレス）,シュン,クルミ,エイミ,アツコ（水着）,ミチル（ドレス）,エイミ,ハナコ（水着）,ツバキ,シュン,ウタハ,ミチル（ドレス）
BlueArchive 2026-08-29 082729_1.png,ヒナ（ドレス）,シュン,クルミ,エイミ,アツコ（水着）,ミチル（ドレス）,ユウカ,モモイ,ツバキ,ミドリ,レイサ（マジカル）,ミチル（ドレス）
BlueArchive 2026-08-29 082848_1.png,エイミ,クルミ,シュン,ヒナ（ドレス）,アツコ（水着）,ミチル（ドレス）,ユウカ,モモイ,ツバキ,ミドリ,レイサ（マジカル）,ミチル（ドレス）
BlueArchive 2026-08-29 082852_1.png,イオリ（水着）,カノエ,シロコ＊テラー,エイミ,ウタハ,ミチル（ドレス）,シュン,ユウカ,ツバキ,エイミ,イロハ,ウタハ
BlueArchive 2026-08-29 082854_1.png,ユウカ（体操服）,ミヤコ,ユウカ,ミヤコ（水着）,ムツキ（ドレス）,フィーナ（ガイド）,エイミ,ツルギ,ツバキ,ホシノ（臨戦）,ミチル（ドレス）,ヤクモ
BlueArchive 2026-08-29 082857_1.png,ネル（制服）,カノエ,シロコ＊テラー,エイミ,ウタハ,ミチル（ドレス）,シュン,ホシノ,ツバキ,エイミ,イロハ,ウタハ
BlueArchive 2026-08-29 082858_1.png,エイミ,ハルカ,マリナ,クルミ,フィーナ（ガイド）,マシロ,エイミ,ネル（制服）,チェリノ,ホシノ,ミチル（ドレス）,レイサ（マジカル）
BlueArchive 2026-08-29 082902_1.png,ミヤコ（水着）,ツルギ,エイミ,ハスミ（水着）,アツコ（水着）,ミチル（ドレス）,シロコ＊テラー,マリナ,ユウカ,イオリ（水着）,レイサ（マジカル）,ウタハ
BlueArchive 2026-08-29 082904_1.png,ユウカ（体操服）,ツルギ,エイミ,ハスミ（水着）,アツコ（水着）,ミチル（ドレス）,エイミ,イオリ（水着）,ホシノ,イオリ,ミチル（ドレス）,ヤクモ
BlueArchive 2026-08-29 082907_1.png,ユウカ（体操服）,ツルギ,エイミ,ハスミ（水着）,アツコ（水着）,ミチル（ドレス）,ミヤコ,シュン,エイミ,ハスミ（水着）,ウタハ,ミチル（ドレス）
BlueArchive 2026-08-29 082909_1.png,ミヤコ（水着）,ツルギ,エイミ,ハスミ（水着）,アツコ（水着）,ミチル（ドレス）,シロコ＊テラー,エイミ,アル,ユウカ,ウタハ,レイサ（マジカル）
BlueArchive 2026-08-29 082910_1.png,ミヤコ（水着）,ツルギ,エイミ,ハスミ（水着）,アツコ（水着）,ミチル（ドレス）,シロコ＊テラー,エイミ,ツバキ,ハスミ（水着）,ミチル（ドレス）,ヤクモ
BlueArchive 2026-08-29 082911_1.png,ミヤコ（水着）,ツルギ,エイミ,ハスミ（水着）,アツコ（水着）,ミチル（ドレス）,エイミ,シロコ＊テラー,ネル（バニーガール）,イオリ（水着）,ミチル（ドレス）,ヤクモ
BlueArchive 2026-08-29 082914_1.png,ミヤコ（水着）,ツルギ,エイミ,ハスミ（水着）,アツコ（水着）,ミチル（ドレス）,シュン,カノエ,ツバキ,ハスミ（水着）,ミチル（ドレス）,イロハ
BlueArchive 2026-08-29 082919_1.png,エイミ,ハルカ,マリナ,クルミ,フィーナ（ガイド）,マシロ,エイミ,ハスミ（水着）,カノエ,シュン,ミチル（ドレス）,ヤクモ
BlueArchive 2026-08-29 082920_1.png,エイミ,ハルカ,マリナ,クルミ,フィーナ（ガイド）,ムツキ（ドレス）,エイミ,シュン,ツバキ,ハスミ（水着）,ミチル（ドレス）,レイサ（マジカル）
BlueArchive 2026-08-29 082925_1.png,ミヤコ（水着）,ツルギ,エイミ,ハスミ（水着）,アツコ（水着）,ミチル（ドレス）,ネル（バニーガール）,シロコ＊テラー,エイミ,イオリ（水着）,ミチル（ドレス）,ウタハ
BlueArchive 2026-08-29 082926_1.png,ミヤコ（水着）,ツルギ,シロコ＊テラー,アツコ,アツコ（水着）,ミチル（ドレス）,シロコ＊テラー,エイミ,ツバキ,イオリ（水着）,レイサ（マジカル）,ミチル（ドレス）
BlueArchive 2026-08-29 082928_1.png,エイミ,ツバキ,アツコ,ユウカ（体操服）,ミチル（ドレス）,フィーナ（ガイド）,エイミ,ミドリ,ネル（バニーガール）,イオリ（水着）,ミチル（ドレス）,ヤクモ
BlueArchive 2026-08-29 082931_1.png,ミヤコ（水着）,ツルギ,シロコ＊テラー,アツコ,アツコ（水着）,ミチル（ドレス）,シロコ＊テラー,エイミ,ツバキ,イオリ（水着）,レイサ（マジカル）,ミチル（ドレス）
BlueArchive 2026-08-29 082933_1.png,エイミ,ハルカ,マリナ,ミネ,フィーナ（ガイド）,ミチル（ドレス）,エイミ,ネル（制服）,チェリノ,ホシノ,ミチル（ドレス）,レイサ（マジカル）
BlueArchive 2026-08-29 082935_1.png,エイミ,マリナ,ハルカ,ツバキ,フィーナ（ガイド）,ムツキ（ドレス）,エイミ,ネル（制服）,チェリノ,ホシノ,ミチル（ドレス）,レイサ（マジカル）
BlueArchive 2026-08-29 082937_1.png,ミヤコ（水着）,ユウカ,アツコ,エイミ,フィーナ（ガイド）,ムツキ（ドレス）,シロコ＊テラー,エイミ,ツバキ,ハスミ（水着）,ミチル（ドレス）,ヤクモ
BlueArchive 2026-08-29 082940_1.png,ミヤコ（水着）,ツルギ,アツコ,シュン,アツコ（水着）,ミチル（ドレス）,エイミ,ユズ,アル,ホシノ（水着）,ミチル（ドレス）,ヤクモ
BlueArchive 2026-08-29 082942_1.png,ミヤコ（水着）,ツルギ,アツコ,ハスミ（水着）,アツコ（水着）,ミチル（ドレス）,シロコ＊テラー,マリナ,ユウカ,イオリ（水着）,レイサ（マジカル）,ウタハ
BlueArchive 2026-08-29 082944_1.png,ミヤコ（水着）,ツルギ,シロコ＊テラー,アツコ,アツコ（水着）,ミチル（ドレス）,シロコ＊テラー,エイミ,ツバキ,イオリ（水着）,レイサ（マジカル）,ミチル（ドレス）
BlueArchive 2026-08-29 082945_1.png,エイミ,アツコ,ユウカ（体操服）,ツバキ,フィーナ（ガイド）,ムツキ（ドレス）,エイミ,シュン,ミドリ,ツバキ,ウタハ,ミチル（ドレス）
BlueArchive 2026-08-29 082947_1.png,ミヤコ（水着）,ツルギ,エイミ,ハスミ（水着）,アツコ（水着）,ミチル（ドレス）,シュン,ユウカ,エイミ,シロコ＊テラー,シロコ（水着）,アヤネ（水着）
BlueArchive 2026-08-29 082951_1.png,ミヤコ（水着）,ツルギ,エイミ,ハスミ（水着）,アツコ（水着）,ミチル（ドレス）,シュン,ツバキ,ハナコ（水着）,エイミ,ミチル（ドレス）,ウタハ
BlueArchive 2026-08-29 082952_1.png,ミヤコ（水着）,ツルギ,エイミ,ハスミ（水着）,アツコ（水着）,ミチル（ドレス）,ツバキ,ユウカ,シロコ＊テラー,ハスミ（水着）,シロコ（水着）,サツキ
BlueArchive 2026-08-29 082955_1.png,イオリ（水着）,エイミ,ツルギ,ミヤコ（水着）,ウタハ,ミチル（ドレス）,エイミ,ツバキ,ユウカ,シュン,ウタハ,イロハ
BlueArchive 2026-08-29 082956_1.png,クルミ,ツルギ,エイミ,ハスミ（水着）,アツコ（水着）,ミチル（ドレス）,ネル（バニーガール）,シロコ＊テラー,エイミ,イオリ（水着）,ミチル（ドレス）,ウタハ
BlueArchive 2026-08-29 082958_1.png,イオリ（水着）,ツルギ,エイミ,ミカ（水着）,レイサ（マジカル）,ミチル（ドレス）,エイミ,シュン,ツバキ,ネル（制服）,ミチル（ドレス）,レイサ（マジカル）
BlueArchive 2026-08-29 083000_1.png,イオリ（水着）,ツルギ,エイミ,ナグサ,レイサ（マジカル）,ミチル（ドレス）,エイミ,シュン,ツバキ,ネル（制服）,ミチル（ドレス）,レイサ（マジカル）
BlueArchive 2026-08-29 083002_1.png,イオリ（水着）,アカネ,エイミ,ナグサ,レイサ（マジカル）,ミチル（ドレス）,エイミ,シュン,ツバキ,ネル（制服）,ミチル（ドレス）,レイサ（マジカル）
BlueArchive 2026-08-29 083004_1.png,イオリ（水着）,アカネ,ツバキ,ナグサ,レイサ（マジカル）,ミチル（ドレス）,エイミ,シュン,ツバキ,ネル（制服）,ミチル（ドレス）,レイサ（マジカル）
BlueArchive 2026-08-29 083006_1.png,イオリ（水着）,アカネ,ツバキ,ミカ（水着）,レイサ（マジカル）,ミチル（ドレス）,エイミ,シュン,ツバキ,ネル（制服）,ミチル（ドレス）,レイサ（マジカル）
BlueArchive 2026-08-29 083007_1.png,イオリ（水着）,アカネ,ツバキ,ミカ（水着）,レイサ（マジカル）,ミチル（ドレス）,エイミ,シュン,ツバキ,ネル（制服）,ミチル（ドレス）,レイサ（マジカル）
BlueArchive 2026-08-29 083009_1.png,イオリ（水着）,アカネ,ツバキ,ミカ（水着）,レイサ（マジカル）,ミチル（ドレス）,エイミ,シュン,ツバキ,ネル（制服）,ミチル（ドレス）,レイサ（マジカル）
BlueArchive 2026-08-29 083012_1.png,ユウカ（体操服）,アツコ,ツバキ,エイミ,フィーナ（ガイド）,ムツキ（ドレス）,エイミ,イオリ（水着）,ツバキ,ユズ,ミチル（ドレス）,ヤクモ
BlueArchive 2026-08-29 083013_1.png,ミヤコ（水着）,ツルギ,アツコ,ハスミ（水着）,アツコ（水着）,ミチル（ドレス）,ネル（バニーガール）,シロコ＊テラー,エイミ,イオリ（水着）,ミチル（ドレス）,ウタハ
BlueArchive 2026-08-29 083016_1.png,ハスミ（水着）,エイミ,ツルギ,ツバキ,ウタハ,ミチル（ドレス）,エイミ,ツバキ,ホシノ,シュン,イロハ,ウタハ
BlueArchive 2026-08-29 083019_1.png,イオリ（水着）,ツバキ,イオリ,エイミ,ウタハ,ミチル（ドレス）,エイミ,ツバキ,ホシノ,シュン,イロハ,ウタハ
BlueArchive 2026-08-29 083020_1.png,イオリ（水着）,ツバキ,イオリ,エイミ,ウタハ,ミチル（ドレス）,エイミ,ツバキ,ホシノ,シュン,イロハ,ウタハ
BlueArchive 2026-08-29 083021_1.png,イオリ（水着）,ツバキ,イオリ,エイミ,ウタハ,ミチル（ドレス）,エイミ,ツバキ,ホシノ,シュン,イロハ,ウタハ
BlueArchive 2026-08-29 083023_1.png,イオリ（水着）,ツバキ,イオリ,エイミ,ウタハ,ミチル（ドレス）,エイミ,ホシノ,ツバキ,シュン,イロハ,ウタハ
BlueArchive 2026-08-29 083026_1.png,イオリ（水着）,ツバキ,イオリ,エイミ,ウタハ,ミチル（ドレス）,エイミ,ツバキ,ユウカ,シュン,ウタハ,イロハ
BlueArchive 2026-08-29 083029_1.png,ミヤコ（水着）,ツルギ,アツコ,ハスミ（水着）,アツコ（水着）,ミチル（ドレス）,ネル（バニーガール）,シロコ＊テラー,エイミ,イオリ（水着）,ミチル（ドレス）,ウタハ
BlueArchive 2026-08-29 083030_1.png,ミヤコ（水着）,ツルギ,アツコ,ハスミ（水着）,アツコ（水着）,ミチル（ドレス）,ユウカ,シュン,ハナコ（水着）,エイミ,ミチル（ドレス）,ウタハ
BlueArchive 2026-08-29 083032_1.png,アツコ,ツルギ,ツバキ,イオリ（水着）,アツコ（水着）,ミチル（ドレス）,エイミ,イオリ（水着）,ミヤコ（水着）,ハスミ（水着）,ミチル（ドレス）,ヤクモ
BlueArchive 2026-08-29 083034_1.png,ミヤコ（水着）,ツルギ,アツコ,ハスミ（水着）,アツコ（水着）,ミチル（ドレス）,シロコ＊テラー,マリナ,ユウカ,イオリ（水着）,レイサ（マジカル）,ウタハ
BlueArchive 2026-08-29 083036_1.png,イオリ,ツバキ,イオリ（水着）,エイミ,アツコ（水着）,ミチル（ドレス）,シュン,ユウカ,ツバキ,エイミ,イロハ,ウタハ
BlueArchive 2026-08-29 083039_1.png,マリナ（チーパオ）,ツバキ,エイミ,ヒナ（水着）,アツコ（水着）,ミチル（ドレス）,ユウカ,シュン,ハナコ（水着）,エイミ,ミチル（ドレス）,ウタハ
BlueArchive 2026-08-29 083041_1.png,マリナ（チーパオ）,ツルギ,エイミ,ハスミ（水着）,アツコ（水着）,ミチル（ドレス）,ネル（バニーガール）,シロコ＊テラー,エイミ,イオリ（水着）,ミチル（ドレス）,ウタハ
BlueArchive 2026-08-29 083044_1.png,アツコ,ツルギ,ツバキ,ハスミ（水着）,イロハ,ミチル（ドレス）,エイミ,ユズ,ツバキ,イオリ（水着）,ミチル（ドレス）,ヤクモ
BlueArchive 2026-08-29 083045_1.png,ミヤコ（水着）,ツルギ,ツバキ,ハスミ（水着）,アツコ（水着）,ミチル（ドレス）,シロコ＊テラー,ネル（バニーガール）,エイミ,イオリ（水着）,イロハ,ミチル（ドレス）
BlueArchive 2026-08-29 083048_1.png,ミヤコ（水着）,ツルギ,ツバキ,ハスミ（水着）,アツコ（水着）,ミチル（ドレス）,シロコ＊テラー,ネル（バニーガール）,エイミ,イオリ（水着）,イロハ,ミチル（ドレス）
BlueArchive 2026-08-29 083050_1.png,ミヤコ（水着）,ツルギ,エイミ,ハスミ（水着）,アツコ（水着）,ミチル（ドレス）,シロコ＊テラー,エイミ,ユウカ,イオリ（水着）,ウタハ,ミチル（ドレス）
BlueArchive 2026-08-29 083052_1.png,イオリ（水着）,ツルギ,エイミ,ヒナ（水着）,ウタハ,ミチル（ドレス）,エイミ,シュン,ホシノ,ハルナ（正月）,イロハ,ウタハ
BlueArchive 2026-08-29 083053_1.png,マリナ（チーパオ）,ツルギ,エイミ,ヒナ（水着）,ウタハ,ミチル（ドレス）,ネル（バニーガール）,ツバキ,エイミ,ハスミ（水着）,ミチル（ドレス）,イロハ
BlueArchive 2026-08-29 083101_1.png,ミヤコ（水着）,ツルギ,エイミ,ハスミ（水着）,アツコ（水着）,ミチル（ドレス）,シロコ＊テラー,エイミ,ユウカ,イオリ（水着）,ウタハ,ミチル（ドレス）
BlueArchive 2026-08-29 083102_1.png,アズサ,ツルギ,エイミ,ヒナ（水着）,ウタハ,ミチル（ドレス）,エイミ,シュン,ホシノ,ハルナ（正月）,イロハ,ウタハ
BlueArchive 2026-08-29 083104_1.png,キサキ（水着）,ツルギ,エイミ,ヒナ（水着）,ウタハ,ミチル（ドレス）,ネル（バニーガール）,ツバキ,エイミ,ハスミ（水着）,ミチル（ドレス）,イロハ
BlueArchive 2026-08-29 083106_1.png,イオリ（水着）,アツコ,ツルギ,エイミ,レイサ（マジカル）,ミチル（ドレス）,エイミ,イオリ（水着）,シュン,ネル,ミチル（ドレス）,ヤクモ
BlueArchive 2026-08-29 083107_1.png,イオリ（水着）,アツコ,アカネ,ホシノ（水着）,レイサ（マジカル）,ミチル（ドレス）,エイミ,ホシノ（臨戦）,ツバキ,イオリ（水着）,ミチル（ドレス）,ヤクモ
BlueArchive 2026-08-29 083110_1.png,イオリ（水着）,アツコ,アカネ,ホシノ（水着）,レイサ（マジカル）,ミチル（ドレス）,エイミ,イオリ（水着）,シュン,ネル,ミチル（ドレス）,ヤクモ
BlueArchive 2026-08-29 083112_1.png,イオリ（水着）,アツコ,アカネ,ホシノ（水着）,レイサ（マジカル）,ミチル（ドレス）,エイミ,イオリ（水着）,シュン,ネル,ミチル（ドレス）,ヤクモ
BlueArchive 2026-08-29 083113_1.png,キサキ（水着）,ツルギ,エイミ,ヒナ（水着）,ウタハ,ミチル（ドレス）,ネル（バニーガール）,ツバキ,エイミ,ハスミ（水着）,ミチル（ドレス）,イロハ
BlueArchive 2026-08-29 083114_1.png,イオリ（水着）,エイミ,ツバキ,ヒナ（水着）,ウタハ,ミチル（ドレス）,ネル（バニーガール）,ツバキ,エイミ,ハスミ（水着）,ミチル（ドレス）,イロハ
BlueArchive 2026-08-29 083116_1.png,ハスミ（水着）,エイミ,ツバキ,ヒナ（水着）,ウタハ,ミチル（ドレス）,ネル（バニーガール）,ツバキ,エイミ,ハスミ（水着）,ミチル（ドレス）,イロハ
BlueArchive 2026-08-29 083117_1.png,ハスミ（水着）,エイミ,アツコ,ヒナ（水着）,ウタハ,ミチル（ドレス）,ネル（バニーガール）,ツバキ,エイミ,ハスミ（水着）,ミチル（ドレス）,イロハ
BlueArchive 2026-08-29 083120_1.png,ハスミ（水着）,エイミ,アツコ,ヒナ（水着）,ウタハ,ミチル（ドレス）,ネル（バニーガール）,シロコ＊テラー,エイミ,イオリ（水着）,ミチル（ドレス）,ウタハ
BlueArchive 2026-08-29 083122_1.png,エイミ,アツコ,シュン,ヒナ（水着）,ウタハ,ミチル（ドレス）,エイミ,ハスミ（水着）,カノエ,シュン,ミチル（ドレス）,ヤクモ
BlueArchive 2026-08-29 083125_1.png,ツルギ,エイミ,アツコ,イオリ（水着）,ウタハ,ミチル（ドレス）,ネル（バニーガール）,シロコ＊テラー,エイミ,イオリ（水着）,ミチル（ドレス）,ウタハ
BlueArchive 2026-08-29 083126_1.png,エイミ,ツルギ,アツコ,イオリ（水着）,ウタハ,ミチル（ドレス）,シロコ＊テラー,エイミ,ツバキ,ハスミ（水着）,ミチル（ドレス）,ヤクモ
BlueArchive 2026-08-29 083127_1.png,ミヤコ（水着）,ツルギ,エイミ,ハスミ（水着）,アツコ（水着）,ミチル（ドレス）,シロコ＊テラー,ネル（バニーガール）,エイミ,イオリ（水着）,イロハ,ミチル（ドレス）
BlueArchive 2026-08-29 083130_1.png,ハスミ（水着）,ミヤコ（水着）,ツルギ,エイミ,アツコ（水着）,ミチル（ドレス）,ホシノ（臨戦）,ツバキ,シュン,ホシノ,ヤクモ,ミチル（ドレス）
BlueArchive 2026-08-29 083131_1.png,エイミ,ツルギ,ミヤコ（水着）,ヒナ（水着）,ウタハ,ミチル（ドレス）,エイミ,シュン,ツバキ,ヒナ（水着）,イロハ,ミチル（ドレス）
BlueArchive 2026-08-29 083134_1.png,ミヤコ（水着）,ツルギ,エイミ,ハスミ（水着）,アツコ（水着）,ミチル（ドレス）,シロコ＊テラー,ネル（バニーガール）,エイミ,イオリ（水着）,イロハ,ミチル（ドレス）
BlueArchive 2026-08-29 083135_1.png,アツコ,ツルギ,ツバキ,シュン,レイサ（マジカル）,ミチル（ドレス）,イオリ（水着）,エイミ,ミヤコ（水着）,ハスミ（水着）,ヤクモ,ミチル（ドレス）
BlueArchive 2026-08-29 083138_1.png,アツコ,ツルギ,ツバキ,コハル（水着）,イロハ,ミチル（ドレス）,エイミ,イオリ（水着）,ツバキ,ユズ,ミチル（ドレス）,ヤクモ
BlueArchive 2026-08-29 083140_1.png,ミヤコ（水着）,カノエ,シュン,ヒナ（水着）,ウタハ,ミチル（ドレス）,エイミ,ツバキ,ユウカ,シュン,ミチル（ドレス）,イロハ
BlueArchive 2026-08-29 083142_1.png,ミヤコ（水着）,エイミ,シュン,ヒナ（水着）,ウタハ,ミチル（ドレス）,シロコ＊テラー,マリナ,ユウカ,イオリ（水着）,レイサ（マジカル）,ウタハ
BlueArchive 2026-08-29 083144_1.png,アツコ,ツルギ,ツバキ,シュン,レイサ（マジカル）,ミチル（ドレス）,イオリ（水着）,エイミ,ミヤコ（水着）,ハスミ（水着）,ヤクモ,ミチル（ドレス）
BlueArchive 2026-08-29 083146_1.png,エイミ,ユウカ,ヒナ（水着）,カノエ,ウタハ,ミチル（ドレス）,エイミ,ツバキ,ユウカ,シュン,ミチル（ドレス）,イロハ
BlueArchive 2026-08-29 083150_1.png,イオリ（水着）,ツルギ,エイミ,ヒナ（水着）,ウタハ,ミチル（ドレス）,エイミ,ツバキ,ホシノ,シュン,イロハ,ウタハ
BlueArchive 2026-08-29 083152_1.png,マリー（アイドル）,ツルギ,エイミ,ハスミ（水着）,アツコ（水着）,ミチル（ドレス）,エイミ,シュン,ユウカ,ホシノ,ミチル（ドレス）,イロハ
BlueArchive 2026-08-29 083155_1.png,ツバキ,ユウカ（体操服）,ホシノ（水着）,アツコ,ムツキ（ドレス）,フィーナ（ガイド）,エイミ,ユズ,アル,ツバキ,ミチル（ドレス）,ヤクモ
BlueArchive 2026-08-29 083157_1.png,ミヤコ（水着）,ツルギ,エイミ,ハスミ（水着）,ウタハ,ミチル（ドレス）,エイミ,モモイ,ツバキ,ミドリ,イロハ,ミチル（ドレス）
BlueArchive 2026-08-29 083158_1.png,ホシノ（臨戦）,ツルギ,ミヤコ（水着）,ハスミ（水着）,アツコ（水着）,ミチル（ドレス）,シロコ＊テラー,ホシノ,エイミ,ハナコ（水着）,ミチル（ドレス）,レイサ（マジカル）
BlueArchive 2026-08-29 083201_1.png,エイミ,ツルギ,ミヤコ（水着）,ハスミ（水着）,アツコ（水着）,ミチル（ドレス）,エイミ,ネル（バニーガール）,マリナ,イオリ（水着）,ミチル（ドレス）,イロハ
BlueArchive 2026-08-29 083203_1.png,エイミ,ツルギ,ミヤコ（水着）,ハスミ（水着）,アツコ（水着）,ミチル（ドレス）,エイミ,シロコ＊テラー,ホシノ,イオリ（水着）,ミチル（ドレス）,ヤクモ
BlueArchive 2026-08-29 083205_1.png,エイミ,ツルギ,ミヤコ（水着）,ハスミ（水着）,アツコ（水着）,ミチル（ドレス）,エイミ,ユウカ,ホシノ,シュン,ミチル（ドレス）,イロハ
BlueArchive 2026-08-29 083206_1.png,マリー（アイドル）,ツルギ,エイミ,ハスミ（水着）,アツコ（水着）,ミチル（ドレス）,エイミ,ネル（バニーガール）,マリナ,イオリ（水着）,ミチル（ドレス）,イロハ
BlueArchive 2026-08-29 083209_1.png,ミヤコ（水着）,ツルギ,エイミ,ハスミ（水着）,アツコ（水着）,ミチル（ドレス）,エイミ,ツバキ,ホシノ,イオリ（水着）,ウタハ,イロハ
BlueArchive 2026-08-29 083212_1.png,エイミ,ツルギ,カノエ,ネル（制服）,レイサ（マジカル）,ミチル（ドレス）,エイミ,ユウカ,ホシノ,シュン,ミチル（ドレス）,イロハ
BlueArchive 2026-08-29 083213_1.png,ネル（制服）,ツルギ,ミヤコ（水着）,ハスミ（水着）,レイサ（マジカル）,ミチル（ドレス）,シロコ＊テラー,ホシノ,エイミ,ハナコ（水着）,ミチル（ドレス）,レイサ（マジカル）
BlueArchive 2026-08-29 083215_1.png,アツコ,ツバキ,ユウカ（体操服）,ホシノ（水着）,フィーナ（ガイド）,サツキ,エイミ,イオリ（水着）,ホシノ,シュン,ミチル（ドレス）,ヤクモ
BlueArchive 2026-08-29 083218_1.png,ミヤコ（水着）,ツルギ,エイミ,ハスミ（水着）,アツコ（水着）,ミチル（ドレス）,ホシノ,イオリ（水着）,ツバキ,ハスミ（水着）,ヤクモ,ミチル（ドレス）
BlueArchive 2026-08-29 083220_1.png,チェリノ,マリナ,エイミ,ヒナ（水着）,レイサ（マジカル）,ミチル（ドレス）,エイミ,ツバキ,ホシノ,シュン,ウタハ,イロハ
BlueArchive 2026-08-29 083222_1.png,ホシノ（臨戦）,ツルギ,エイミ,ハスミ（水着）,アツコ（水着）,ミチル（ドレス）,シロコ＊テラー,ネル（バニーガール）,エイミ,イオリ（水着）,イロハ,ミチル（ドレス）
BlueArchive 2026-08-29 083223_1.png,ミヤコ（水着）,ツルギ,エイミ,ハスミ（水着）,アツコ（水着）,ミチル（ドレス）,ネル（バニーガール）,シロコ＊テラー,エイミ,イオリ（水着）,ミチル（ドレス）,ウタハ
BlueArchive 2026-08-29 083225_1.png,イオリ（水着）,ミヤコ（水着）,ツルギ,エイミ,アツコ（水着）,ミチル（ドレス）,エイミ,イオリ（水着）,ホシノ,シュン,ミチル（ドレス）,ヤクモ
BlueArchive 2026-08-29 083227_1.png,エイミ,ツルギ,ミヤコ（水着）,ハスミ（水着）,アツコ（水着）,ミチル（ドレス）,シュン,ユウカ,エイミ,ハスミ（水着）,イロハ,ミチル（ドレス）
BlueArchive 2026-08-29 083231_1.png,アツコ,ホシノ（水着）,ツバキ,ユウカ（体操服）,フィーナ（ガイド）,ミチル（ドレス）,エイミ,イオリ（水着）,ホシノ,シュン,ミチル（ドレス）,ヤクモ
BlueArchive 2026-08-29 083233_1.png,ミヤコ,ツルギ,ホシノ（水着）,シュン,アツコ（水着）,ミチル（ドレス）,レイサ,ツルギ,ミネ,ハスミ（水着）,マシロ,レイサ（マジカル）
BlueArchive 2026-08-29 083234_1.png,アツコ,ツルギ,ホシノ（水着）,イオリ（水着）,アツコ（水着）,ミチル（ドレス）,レイサ,ツルギ,ミネ,ハスミ（水着）,マシロ,レイサ（マジカル）
BlueArchive 2026-08-29 083236_1.png,アツコ,ツバキ,ホシノ（水着）,チェリノ,レイサ（マジカル）,ミチル（ドレス）,レイサ,ツルギ,ミネ,ハスミ（水着）,マシロ,レイサ（マジカル）
BlueArchive 2026-08-29 083240_1.png,アツコ,ツルギ,ホシノ（水着）,イオリ（水着）,レイサ（マジカル）,ミチル（ドレス）,レイサ,ツルギ,ミネ,ハスミ（水着）,マシロ,レイサ（マジカル）
BlueArchive 2026-08-29 083242_1.png,ヒナ（水着）,マリー（アイドル）,エイミ,ホシノ（臨戦）,アツコ（水着）,ミチル（ドレス）,シュン,ユウカ,エイミ,シロコ＊テラー,シロコ（水着）,アヤネ（水着）
BlueArchive 2026-08-29 083244_1.png,ヒナ（水着）,マリー（アイドル）,エイミ,イオリ（水着）,アツコ（水着）,ミチル（ドレス）,シュン,ユウカ,ツバキ,エイミ,イロハ,ウタハ
BlueArchive 2026-08-29 083246_1.png,イオリ（水着）,チェリノ,エイミ,イロハ（水着）,アツコ（水着）,ミチル（ドレス）,シュン,ユウカ,エイミ,チェリノ,イロハ,ウタハ
BlueArchive 2026-08-29 083247_1.png,マリナ（チーパオ）,チェリノ,エイミ,イオリ（水着）,アツコ（水着）,ミチル（ドレス）,シュン,ユウカ,エイミ,チェリノ,イロハ,ウタハ
BlueArchive 2026-08-29 083250_1.png,イオリ（水着）,チェリノ,ツバキ,エイミ,ウタハ,レイサ（マジカル）,シュン,ユウカ,ツバキ,エイミ,イロハ,ウタハ
BlueArchive 2026-08-29 083252_1.png,イロハ（水着）,チェリノ,ツバキ,エイミ,ウタハ,レイサ（マジカル）,シュン,ユウカ,ツバキ,エイミ,イロハ,ウタハ
BlueArchive 2026-08-29 083253_1.png,ツバキ,エイミ,イオリ（水着）,ヒビキ（応援団）,ウタハ,レイサ（マジカル）,シュン,ユウカ,エイミ,チェリノ,イロハ,ウタハ
BlueArchive 2026-08-29 083255_1.png,ツバキ,ツルギ,エイミ,イオリ（水着）,ウタハ,レイサ（マジカル）,シュン,ユウカ,エイミ,チェリノ,イロハ,ウタハ
BlueArchive 2026-08-29 083259_1.png,ツバキ,ツルギ,ヒナ（水着）,エイミ,ウタハ,レイサ（マジカル）,シュン,ユウカ,エイミ,チェリノ,イロハ,ウタハ
BlueArchive 2026-08-29 083301_1.png,エイミ,ツルギ,ツバキ,エイミ（臨戦）,ウタハ,レイサ（マジカル）,シュン,ユウカ,エイミ,チェリノ,イロハ,ウタハ
BlueArchive 2026-08-29 083303_1.png,ミヤコ（水着）,ツルギ,エイミ,ハスミ（水着）,アツコ（水着）,ミチル（ドレス）,シロコ＊テラー,エイミ,ネル（バニーガール）,イオリ（水着）,ミチル（ドレス）,ヤクモ
BlueArchive 2026-08-29 083304_1.png,ヒナ（水着）,シュン,エイミ,ホシノ（臨戦）,ウタハ,レイサ（マジカル）,シュン,ツバキ,エイミ,シロコ＊テラー,ミチル（ドレス）,アヤネ（水着）
BlueArchive 2026-08-29 083306_1.png,イオリ（水着）,エイミ,ミヤコ（水着）,ツルギ,アツコ（水着）,ミチル（ドレス）,エイミ,ツルギ,ツバキ,ホシノ（臨戦）,ミチル（ドレス）,ヤクモ
BlueArchive 2026-08-29 083307_1.png,ユウカ,ミヤコ（水着）,ミヤコ,ネル（バニーガール）,シロコ（水着）,ムツキ（ドレス）,エイミ,ツルギ,ツバキ,ホシノ（臨戦）,ミチル（ドレス）,ヤクモ
BlueArchive 2026-08-29 083311_1.png,イオリ（水着）,エイミ,ツルギ,シュン,レイサ（マジカル）,ウタハ,エイミ,ツバキ,ホシノ,シュン,イロハ,ウタハ
BlueArchive 2026-08-29 083312_1.png,ハスミ（水着）,エイミ,ツバキ,ツルギ,ミチル（ドレス）,ウタハ,エイミ,ツバキ,ホシノ,シュン,イロハ,ウタハ
BlueArchive 2026-08-29 083314_1.png,ハスミ（水着）,エイミ,ツルギ,ツバキ,ミチル（ドレス）,ウタハ,エイミ,ツバキ,ホシノ,シュン,イロハ,ウタハ
BlueArchive 2026-08-29 083315_1.png,ハスミ（水着）,チェリノ,エイミ,ツバキ,ミチル（ドレス）,ウタハ,エイミ,ツバキ,ホシノ,シュン,イロハ,ウタハ
BlueArchive 2026-08-29 083317_1.png,イオリ（水着）,シロコ＊テラー,ネル（制服）,エイミ,レイサ（マジカル）,ウタハ,エイミ,ツバキ,ホシノ,シュン,イロハ,ウタハ
BlueArchive 2026-08-29 083319_1.png,イオリ（水着）,シロコ＊テラー,ネル（制服）,エイミ,レイサ（マジカル）,ウタハ,エイミ,ツバキ,ホシノ,シュン,イロハ,ウタハ
BlueArchive 2026-08-29 083321_1.png,イオリ（水着）,シロコ＊テラー,ネル（制服）,エイミ,レイサ（マジカル）,ウタハ,エイミ,ツバキ,ホシノ,シュン,イロハ,ウタハ
BlueArchive 2026-08-29 083323_1.png,イオリ（水着）,シロコ＊テラー,ネル（制服）,エイミ,レイサ（マジカル）,ウタハ,エイミ,ツバキ,ホシノ,シュン,イロハ,ウタハ
BlueArchive 2026-08-29 083324_1.png,イオリ（水着）,シロコ＊テラー,ネル（制服）,エイミ,レイサ（マジカル）,ウタハ,エイミ,ツバキ,ホシノ,シュン,イロハ,ウタハ
BlueArchive 2026-08-29 083326_1.png,イロハ（水着）,シロコ＊テラー,ネル（制服）,エイミ,レイサ（マジカル）,ウタハ,エイミ,ツバキ,ホシノ,シュン,イロハ,ウタハ
BlueArchive 2026-08-29 083327_1.png,イロハ（水着）,シロコ＊テラー,ネル（制服）,エイミ,レイサ（マジカル）,ウタハ,エイミ,ツバキ,ホシノ,シュン,イロハ,ウタハ
BlueArchive 2026-08-29 083329_1.png,イロハ（水着）,シロコ＊テラー,ネル（制服）,エイミ,レイサ（マジカル）,ウタハ,エイミ,ツバキ,ホシノ,シュン,イロハ,ウタハ
BlueArchive 2026-08-29 083331_1.png,イロハ（水着）,シロコ＊テラー,ネル（制服）,エイミ,レイサ（マジカル）,ウタハ,エイミ,イオリ（水着）,ツバキ,ハスミ（水着）,ミチル（ドレス）,ヤクモ
BlueArchive 2026-08-29 083333_1.png,シュン,ツルギ,エイミ,ハスミ（水着）,ヤクモ,ミチル（ドレス）,シュン,ツバキ,エイミ,シロコ＊テラー,ミチル（ドレス）,アヤネ（水着）
BlueArchive 2026-08-29 083335_1.png,イロハ（水着）,シロコ＊テラー,ネル（制服）,エイミ,レイサ（マジカル）,ウタハ,エイミ,ツバキ,ホシノ,シュン,ウタハ,イロハ
BlueArchive 2026-08-29 083337_1.png,ヒナ（ドレス）,シュン,クルミ,ミヤコ（水着）,アツコ（水着）,ミチル（ドレス）,エイミ,ハスミ（水着）,シュン,ツバキ,ミチル（ドレス）,ヤクモ
BlueArchive 2026-08-29 083339_1.png,ミヤコ（水着）,ツルギ,エイミ,ハスミ（水着）,アツコ（水着）,ミチル（ドレス）,エイミ,ホシノ（臨戦）,ユズ,ホシノ,ミチル（ドレス）,ヤクモ
BlueArchive 2026-08-29 083342_1.png,イオリ（水着）,ツバキ,エイミ,ミヤコ,レイサ（マジカル）,ウタハ,エイミ,イオリ（水着）,ネル（バニーガール）,ハナコ（水着）,ミチル（ドレス）,ヤクモ
BlueArchive 2026-08-29 083343_1.png,イロハ（水着）,シロコ＊テラー,ネル（制服）,エイミ,ウタハ,レイサ（マジカル）,エイミ,ツバキ,ホシノ,シュン,ウタハ,イロハ
BlueArchive 2026-08-29 083345_1.png,イロハ（水着）,シロコ＊テラー,ネル（制服）,エイミ,ウタハ,レイサ（マジカル）,エイミ,ツバキ,ホシノ,イオリ（水着）,ウタハ,イロハ
BlueArchive 2026-08-29 083346_1.png,ミヤコ（水着）,ツルギ,エイミ,ハスミ（水着）,アツコ（水着）,ミチル（ドレス）,シュン,エイミ,ユウカ,ハスミ（水着）,ミチル（ドレス）,レイサ（マジカル）
BlueArchive 2026-08-29 083349_1.png,イロハ（水着）,ネル（制服）,マリナ,エイミ,レイサ（マジカル）,ウタハ,エイミ,ホシノ,ネル（バニーガール）,シュン,イロハ,ウタハ
BlueArchive 2026-08-29 083350_1.png,ミヤコ（水着）,ツルギ,エイミ,イオリ（水着）,アツコ（水着）,ミチル（ドレス）,シュン,エイミ,ユウカ,ハスミ（水着）,ミチル（ドレス）,レイサ（マジカル）
BlueArchive 2026-08-29 083354_1.png,イロハ（水着）,ネル（制服）,マリナ,エイミ,レイサ（マジカル）,ウタハ,エイミ,ホシノ,ネル（バニーガール）,シュン,イロハ,ウタハ
BlueArchive 2026-08-29 083356_1.png,イロハ（水着）,ツルギ,エイミ,イオリ（水着）,アツコ（水着）,ミチル（ドレス）,シュン,エイミ,ユウカ,ハスミ（水着）,ミチル（ドレス）,レイサ（マジカル）
BlueArchive 2026-08-29 083358_1.png,イオリ（水着）,エイミ,ネル（制服）,ツバキ,レイサ（マジカル）,ウタハ,エイミ,ツバキ,ホシノ,イオリ（水着）,ウタハ,イロハ
BlueArchive 2026-08-29 083408_1.png,マリナ（チーパオ）,ツルギ,アツコ,ハスミ（水着）,アツコ（水着）,ミチル（ドレス）,ミヤコ（水着）,ハルナ（正月）,ツバキ,ハスミ（水着）,ミチル（ドレス）,ヤクモ
BlueArchive 2026-08-29 083416_1.png,ミヤコ（水着）,ツルギ,アツコ,ハスミ（水着）,アツコ（水着）,ミチル（ドレス）,ミヤコ（水着）,ハルナ（正月）,ツバキ,ハスミ（水着）,ミチル（ドレス）,ヤクモ
BlueArchive 2026-08-29 083418_1.png,エイミ,ネル（制服）,シロコ＊テラー,イロハ（水着）,ウタハ,レイサ（マジカル）,シュン,ユウカ,ツバキ,エイミ,イロハ,ウタハ
BlueArchive 2026-08-29 083422_1.png,イロハ（水着）,シロコ＊テラー,ネル（制服）,エイミ,ウタハ,レイサ（マジカル）,エイミ,ツバキ,ホシノ,イオリ（水着）,ウタハ,イロハ
BlueArchive 2026-08-29 083423_1.png,エイミ,ネル（制服）,シロコ＊テラー,イロハ（水着）,ウタハ,レイサ（マジカル）,シュン,ユウカ,ツバキ,エイミ,イロハ,ウタハ
BlueArchive 2026-08-29 083425_1.png,ミヤコ（水着）,ツルギ,アツコ,ハスミ（水着）,アツコ（水着）,ミチル（ドレス）,エイミ,ネル（制服）,ツバキ,ヒナ（水着）,ミチル（ドレス）,ヤクモ
BlueArchive 2026-08-29 083427_1.png,ハスミ（水着）,ミヤコ（水着）,ツルギ,アツコ,アツコ（水着）,ミチル（ドレス）,シロコ＊テラー,エイミ,ネル（バニーガール）,イオリ（水着）,ミチル（ドレス）,ヤクモ
BlueArchive 2026-08-29 083430_1.png,ホシノ（臨戦）,ミヤコ,アツコ,ホシノ（水着）,イロハ,ミチル（ドレス）,シロコ＊テラー,エイミ,ネル（バニーガール）,イオリ（水着）,ミチル（ドレス）,ヤクモ
BlueArchive 2026-08-29 083431_1.png,ホシノ（臨戦）,ミヤコ,アツコ,ホシノ（水着）,イロハ,ミチル（ドレス）,シロコ＊テラー,エイミ,ネル（バニーガール）,イオリ（水着）,ミチル（ドレス）,ヤクモ
BlueArchive 2026-08-29 083432_1.png,ホシノ（臨戦）,ミヤコ,アツコ,ホシノ（水着）,イロハ,ミチル（ドレス）,シロコ＊テラー,エイミ,ネル（バニーガール）,イオリ（水着）,ミチル（ドレス）,ヤクモ
BlueArchive 2026-08-29 083434_1.png,ミヤコ（水着）,ツルギ,アツコ,ハスミ（水着）,アツコ（水着）,ミチル（ドレス）,マコト（水着）,マリナ,エイミ,イオリ,ミチル（ドレス）,ヤクモ
BlueArchive 2026-08-29 083436_1.png,ミヤコ（水着）,ツルギ,アツコ,ハスミ（水着）,アツコ（水着）,ミチル（ドレス）,マコト（水着）,マリナ,エイミ,イオリ,ミチル（ドレス）,ヤクモ
BlueArchive 2026-08-29 083437_1.png,ミヤコ（水着）,ツルギ,アツコ,イオリ（水着）,アツコ（水着）,ミチル（ドレス）,マコト（水着）,マリナ,エイミ,イオリ,ミチル（ドレス）,ヤクモ
BlueArchive 2026-08-29 083439_1.png,イオリ（水着）,ミヤコ（水着）,ツルギ,アツコ,アツコ（水着）,ミチル（ドレス）,マコト（水着）,マリナ,エイミ,イオリ,ミチル（ドレス）,ヤクモ
BlueArchive 2026-08-29 083441_1.png,ミヤコ（水着）,ツルギ,アツコ,シュン,アツコ（水着）,ミチル（ドレス）,マコト（水着）,マリナ,エイミ,イオリ,ミチル（ドレス）,ヤクモ
BlueArchive 2026-08-29 083443_1.png,エイミ,ネル（制服）,シロコ＊テラー,イロハ（水着）,ウタハ,レイサ（マジカル）,シュン,ユウカ,ツバキ,エイミ,イロハ,ウタハ
BlueArchive 2026-08-29 083445_1.png,ミヤコ（水着）,ツルギ,アツコ,ハスミ（水着）,アツコ（水着）,ミチル（ドレス）,ミネ,レイサ,ミカ,ハスミ（水着）,マシロ,レイサ（マジカル）
BlueArchive 2026-08-29 083447_1.png,エイミ,ネル（制服）,シロコ＊テラー,イオリ（水着）,ウタハ,レイサ（マジカル）,シュン,ユウカ,ツバキ,エイミ,イロハ,ウタハ
BlueArchive 2026-08-29 083448_1.png,ミヤコ（水着）,ツルギ,エイミ,ハスミ（水着）,アツコ（水着）,ミチル（ドレス）,エイミ,ヒナ（水着）,ホシノ,イオリ（水着）,ミチル（ドレス）,ヤクモ
BlueArchive 2026-08-29 083451_1.png,アツコ,ツルギ,エイミ,ハスミ（水着）,アツコ（水着）,ミチル（ドレス）,エイミ,ヒナ（水着）,ホシノ,イオリ（水着）,ミチル（ドレス）,ヤクモ
BlueArchive 2026-08-29 083452_1.png,ハスミ（水着）,ミヤコ（水着）,エイミ,ツルギ,レイサ（マジカル）,ミチル（ドレス）,エイミ,ユズ,ネル（バニーガール）,モミジ,ミチル（ドレス）,ヤクモ
BlueArchive 2026-08-29 083455_1.png,アツコ,ツルギ,エイミ,ハスミ（水着）,ウタハ,ミチル（ドレス）,エイミ,ヒナ（水着）,ホシノ,イオリ（水着）,ミチル（ドレス）,ヤクモ
BlueArchive 2026-08-29 083500_1.png,ミヤコ（水着）,ツルギ,クルミ,カノエ,ミチル（ドレス）,フィーナ（ガイド）,シロコ＊テラー,ホシノ,エイミ,シュン,レイサ（マジカル）,ミチル（ドレス）
BlueArchive 2026-08-29 083502_1.png,ミヤコ（水着）,ツルギ,アツコ,ハスミ（水着）,アツコ（水着）,ミチル（ドレス）,エイミ,イオリ,ツバキ,イオリ（水着）,ヤクモ,ミチル（ドレス）
BlueArchive 2026-08-29 083506_1.png,イロハ（水着）,シロコ＊テラー,ネル（制服）,エイミ,レイサ（マジカル）,ウタハ,エイミ,ツバキ,ホシノ,シュン,ウタハ,イロハ
BlueArchive 2026-08-29 083507_1.png,ミヤコ（水着）,ツルギ,アツコ,ハスミ（水着）,アツコ（水着）,ミチル（ドレス）,ネル（バニーガール）,シロコ＊テラー,エイミ,イロハ（水着）,ミチル（ドレス）,ウタハ
BlueArchive 2026-08-29 083509_1.png,ミヤコ（水着）,ツルギ,エイミ,ハスミ（水着）,アツコ（水着）,ミチル（ドレス）,エイミ,ユウカ,シロコ＊テラー,イオリ（水着）,ミチル（ドレス）,ウタハ
BlueArchive 2026-08-29 083511_1.png,ミヤコ（水着）,ツルギ,エイミ,イオリ（水着）,アツコ（水着）,ミチル（ドレス）,ツバキ,カノエ,エイミ,ハスミ（水着）,ミチル（ドレス）,ヤクモ
BlueArchive 2026-08-29 083514_1.png,ツバキ,ツルギ,エイミ,イオリ（水着）,アツコ（水着）,ミチル（ドレス）,レイサ,ミカ,ミネ,ハスミ（水着）,マシロ,レイサ（マジカル）
BlueArchive 2026-08-29 083515_1.png,ツバキ,ツルギ,エイミ,イオリ（水着）,アツコ（水着）,ミチル（ドレス）,ツバキ,ネル（バニーガール）,シロコ＊テラー,エイミ,ミチル（ドレス）,ヤクモ
BlueArchive 2026-08-29 083517_1.png,ツバキ,ツルギ,エイミ,イオリ（水着）,アツコ（水着）,ミチル（ドレス）,シュン,ツバキ,ネル（バニーガール）,ヒナ（水着）,ヤクモ,ミチル（ドレス）
BlueArchive 2026-08-29 083519_1.png,ツバキ,ツルギ,エイミ,イオリ（水着）,アツコ（水着）,ミチル（ドレス）,レイサ,ハスミ（水着）,ミカ,ミネ,マシロ,レイサ（マジカル）
BlueArchive 2026-08-29 083521_1.png,イオリ（水着）,ツバキ,ツルギ,エイミ,アツコ（水着）,ミチル（ドレス）,エイミ,ネル（制服）,ホシノ,アリス（メイド）,ミチル（ドレス）,ヤクモ
BlueArchive 2026-08-29 083524_1.png,ミヤコ（水着）,ツルギ,エイミ,ハスミ（水着）,アツコ（水着）,ミチル（ドレス）,シロコ＊テラー,エイミ,ツバキ,ハスミ（水着）,ウタハ,ミチル（ドレス）
BlueArchive 2026-08-29 083525_1.png,ミヤコ（水着）,ツルギ,エイミ,ハスミ（水着）,アツコ（水着）,ミチル（ドレス）,ユウカ,ハスミ（水着）,マリナ,シロコ＊テラー,ウタハ,レイサ（マジカル）
BlueArchive 2026-08-29 083527_1.png,ヒナ（ドレス）,シュン,ジュリ（アルバイト）,ミヤコ（水着）,アツコ（水着）,ミチル（ドレス）,エイミ,イオリ,ツバキ,シュン,ヤクモ,ミチル（ドレス）
BlueArchive 2026-08-29 083528_1.png,イロハ（水着）,シロコ＊テラー,ネル（制服）,エイミ,レイサ（マジカル）,ウタハ,エイミ,ツバキ,ホシノ,シュン,ウタハ,イロハ
BlueArchive 2026-08-29 083530_1.png,イオリ（水着）,ミヤコ,ツルギ,エイミ,レイサ（マジカル）,ミチル（ドレス）,エイミ,シロコ＊テラー,シュン,マリナ,ミチル（ドレス）,ヤクモ
BlueArchive 2026-08-29 083534_1.png,ツバキ,ツルギ,エイミ,イオリ（水着）,レイサ（マジカル）,ミチル（ドレス）,レイサ,ハスミ（水着）,ミネ,ツルギ,マシロ,レイサ（マジカル）
BlueArchive 2026-08-29 083537_1.png,ミヤコ（水着）,ツルギ,エイミ,ハスミ（水着）,アツコ（水着）,ミチル（ドレス）,シロコ＊テラー,エイミ,ツバキ,ハスミ（水着）,ミチル（ドレス）,ヤクモ
BlueArchive 2026-08-29 083538_1.png,ミヤコ（水着）,ツルギ,エイミ,ハスミ（水着）,アツコ（水着）,ミチル（ドレス）,シロコ＊テラー,ネル（バニーガール）,エイミ,イオリ（水着）,イロハ,ミチル（ドレス）
BlueArchive 2026-08-29 083540_1.png,ミヤコ（水着）,ツルギ,エイミ,ハスミ（水着）,アツコ（水着）,ミチル（ドレス）,エイミ,ホシノ（臨戦）,ホシノ,イオリ（水着）,ミチル（ドレス）,ヤクモ
BlueArchive 2026-08-29 083543_1.png,ヒナ（水着）,エイミ,カノエ,ホシノ（臨戦）,アツコ（水着）,ミチル（ドレス）,シュン,ユウカ,エイミ,シロコ＊テラー,シロコ（水着）,アヤネ（水着）
BlueArchive 2026-08-29 083545_1.png,ヒナ（水着）,マリー（アイドル）,エイミ,ミヤコ（水着）,アツコ（水着）,ミチル（ドレス）,シュン,ユウカ,エイミ,シロコ＊テラー,シロコ（水着）,アヤネ（水着）
BlueArchive 2026-08-29 083546_1.png,ヒナ（水着）,エイミ,イロハ（水着）,ミヤコ（水着）,アツコ（水着）,ミチル（ドレス）,シュン,ユウカ,エイミ,シロコ＊テラー,シロコ（水着）,アヤネ（水着）
BlueArchive 2026-08-29 083549_1.png,ヒナ（水着）,エイミ,イロハ（水着）,ミヤコ（水着）,アツコ（水着）,ミチル（ドレス）,シュン,ユウカ,エイミ,シロコ＊テラー,シロコ（水着）,アヤネ（水着）
BlueArchive 2026-08-29 083550_1.png,ミヤコ（水着）,ツルギ,アツコ,ハスミ（水着）,アツコ（水着）,ミチル（ドレス）,エイミ,ホシノ（臨戦）,シュン,マリナ,ミチル（ドレス）,ヤクモ
BlueArchive 2026-08-29 083554_1.png,エイミ,ネル（制服）,シロコ＊テラー,イロハ（水着）,レイサ（マジカル）,ウタハ,シュン,ユウカ,ツバキ,エイミ,イロハ,ウタハ
BlueArchive 2026-08-29 083555_1.png,イロハ（水着）,シロコ＊テラー,ネル（制服）,エイミ,レイサ（マジカル）,ウタハ,エイミ,ツバキ,ホシノ,シュン,イロハ,ウタハ
BlueArchive 2026-08-29 083558_1.png,ミヤコ（水着）,ツルギ,ツバキ,ハスミ（水着）,アツコ（水着）,ミチル（ドレス）,シロコ＊テラー,ネル（バニーガール）,エイミ,イオリ（水着）,イロハ,ミチル（ドレス）
BlueArchive 2026-08-29 083600_1.png,エイミ,ネル（制服）,シロコ＊テラー,イロハ（水着）,レイサ（マジカル）,ウタハ,シュン,ユウカ,ツバキ,エイミ,イロハ,ウタハ
BlueArchive 2026-08-29 083601_1.png,ミヤコ（水着）,ツルギ,アツコ,ハスミ（水着）,アツコ（水着）,ミチル（ドレス）,ヒナ（水着）,ホシノ,エイミ,ユズ,ミチル（ドレス）,ヤクモ
BlueArchive 2026-08-29 083604_1.png,イオリ（水着）,アツコ,ツルギ,ミヤコ（水着）,アツコ（水着）,ミチル（ドレス）,ミネ,ハスミ（水着）,レイサ,ツルギ,マシロ,レイサ（マジカル）
BlueArchive 2026-08-29 083605_1.png,アツコ,ツルギ,エイミ,ハスミ（水着）,アツコ（水着）,ミチル（ドレス）,ヒナ（水着）,ホシノ,エイミ,ユズ,ミチル（ドレス）,ヤクモ
BlueArchive 2026-08-29 083608_1.png,エイミ,ネル（制服）,シロコ＊テラー,イロハ（水着）,レイサ（マジカル）,ウタハ,シュン,ユウカ,ツバキ,エイミ,イロハ,ウタハ
BlueArchive 2026-08-29 083611_1.png,エイミ,ネル（制服）,シロコ＊テラー,イロハ（水着）,レイサ（マジカル）,ウタハ,シュン,ユウカ,ツバキ,エイミ,イロハ,ウタハ
BlueArchive 2026-08-29 083612_1.png,エイミ,ネル（制服）,シロコ＊テラー,イロハ（水着）,レイサ（マジカル）,ウタハ,シュン,エイミ,ツバキ,ハルナ（正月）,イロハ,ウタハ
BlueArchive 2026-08-29 083614_1.png,エイミ,ネル（制服）,シロコ＊テラー,イロハ（水着）,イブキ（水着）,ウタハ,シュン,ユウカ,ツバキ,エイミ,イロハ,ウタハ
BlueArchive 2026-08-29 083615_1.png,エイミ,ネル（制服）,シロコ＊テラー,イロハ（水着）,イブキ（水着）,ウタハ,シュン,ユウカ,ツバキ,エイミ,イロハ,ウタハ
BlueArchive 2026-08-29 083617_1.png,エイミ,ネル（制服）,シロコ＊テラー,イロハ（水着）,イブキ（水着）,ウタハ,シュン,ユウカ,ツバキ,エイミ,イロハ,ウタハ
BlueArchive 2026-08-29 083621_1.png,エイミ,ネル（制服）,シロコ＊テラー,イロハ（水着）,イブキ（水着）,ウタハ,シュン,ユウカ,ツバキ,エイミ,イロハ,ウタハ
BlueArchive 2026-08-29 083622_1.png,アツコ,ツルギ,エイミ,ハスミ（水着）,アツコ（水着）,ミチル（ドレス）,イオリ（水着）,エイミ,ユウカ,シロコ＊テラー,ウタハ,ヤクモ
BlueArchive 2026-08-29 083625_1.png,ミヤコ,ツルギ,エイミ,イオリ（水着）,ウタハ,イブキ（水着）,エイミ,ハナコ（水着）,ツバキ,ハスミ（水着）,ミチル（ドレス）,ヤクモ
BlueArchive 2026-08-29 083627_1.png,エイミ,ツルギ,アツコ,ハスミ（水着）,アツコ（水着）,ミチル（ドレス）,ホシノ,イオリ（水着）,ツバキ,ハスミ（水着）,ミチル（ドレス）,ヤクモ
BlueArchive 2026-08-29 083629_1.png,エイミ,ネル（制服）,シロコ＊テラー,イロハ（水着）,イブキ（水着）,ウタハ,シュン,ユウカ,ツバキ,エイミ,イロハ,ウタハ
BlueArchive 2026-08-29 083632_1.png,エイミ,ネル（制服）,シロコ＊テラー,イロハ（水着）,イブキ（水着）,ウタハ,シュン,ユウカ,ツバキ,エイミ,イロハ,ウタハ
BlueArchive 2026-08-29 083633_1.png,ミヤコ,ツルギ,ツバキ,イオリ（水着）,イブキ（水着）,ウタハ,シロコ＊テラー,ネル（バニーガール）,エイミ,イオリ（水着）,イロハ,ミチル（ドレス）
BlueArchive 2026-08-29 083635_1.png,アツコ,ツルギ,エイミ,ハスミ（水着）,アツコ（水着）,ミチル（ドレス）,イオリ（水着）,ユウカ,ツバキ,アル,ウタハ,ヤクモ
BlueArchive 2026-08-29 083637_1.png,ユウカ（体操服）,ツルギ,エイミ,ホシノ（水着）,アツコ（水着）,シロコ（水着）,イオリ（水着）,ユウカ,ツバキ,アル,ウタハ,ヤクモ
BlueArchive 2026-08-29 083643_1.png,ユウカ（体操服）,アツコ,ユウカ,ミヤコ,フィーナ（ガイド）,シロコ（水着）,ヒナ（水着）,エイミ,シロコ＊テラー,ネル（バニーガール）,ミチル（ドレス）,ヤクモ
BlueArchive 2026-08-29 083645_1.png,ユウカ（体操服）,アツコ,ミヤコ,ユウカ,フィーナ（ガイド）,ミチル（ドレス）,ヒナ（水着）,エイミ,シロコ＊テラー,ネル（バニーガール）,ミチル（ドレス）,ヤクモ
BlueArchive 2026-08-29 083646_1.png,マリー（体操服）,アツコ,ミヤコ,ユウカ,フィーナ（ガイド）,サツキ,ヒナ（水着）,エイミ,シロコ＊テラー,ネル（バニーガール）,ミチル（ドレス）,ヤクモ
BlueArchive 2026-08-29 083647_1.png,サクラコ（アイドル）,ミヤコ（水着）,ミヤコ,ユウカ,フィーナ（ガイド）,サツキ,ヒナ（水着）,エイミ,シロコ＊テラー,ネル（バニーガール）,ミチル（ドレス）,ヤクモ
BlueArchive 2026-08-29 083650_1.png,ミヤコ（水着）,サクラコ（アイドル）,ミヤコ,ユウカ,フィーナ（ガイド）,サツキ,ヒナ（水着）,エイミ,シロコ＊テラー,ネル（バニーガール）,ミチル（ドレス）,ヤクモ
BlueArchive 2026-08-29 083652_1.png,イロハ（水着）,ミヤコ（水着）,ミヤコ,ユウカ,フィーナ（ガイド）,サツキ,ヒナ（水着）,エイミ,シロコ＊テラー,ネル（バニーガール）,ミチル（ドレス）,ヤクモ
BlueArchive 2026-08-29 083653_1.png,トキ,ミヤコ（水着）,ミヤコ,ユウカ,フィーナ（ガイド）,サツキ,ヒナ（水着）,エイミ,シロコ＊テラー,ネル（バニーガール）,ミチル（ドレス）,ヤクモ
BlueArchive 2026-08-29 083654_1.png,ミヤコ（水着）,トキ,ミヤコ,ユウカ,フィーナ（ガイド）,サツキ,ヒナ（水着）,エイミ,シロコ＊テラー,ネル（バニーガール）,ミチル（ドレス）,ヤクモ
BlueArchive 2026-08-29 083658_1.png,ミヤコ（水着）,マリー（体操服）,ミヤコ,ユウカ,フィーナ（ガイド）,サツキ,ヒナ（水着）,エイミ,シロコ＊テラー,ネル（バニーガール）,ミチル（ドレス）,ヤクモ
